Date,Region,Product Category,Product Name,Units Sold,Price per Unit,Revenue,Cost,Inventory Remaining,Delivery Time (Days),Return
2023-05-13,North,Laptops,Ultrabook X,7,1198.88,8392.16,5497.12,71,5,Yes
2023-09-13,East,Laptops,Ultrabook X,7,679.83,4758.81,2998.01,74,8,Yes
2023-10-01,East,Home Appliances,Microwave X,4,231.44,925.76,736.23,52,2,No
2023-05-28,North,Mobile Devices,Smartphone C,12,1409.06,16908.72,10149.18,59,5,Yes
2023-06-12,South,Accessories,Wireless Mouse,1,470.28,470.28,356.2,88,1,Yes
2023-02-21,South,Accessories,Keyboard Combo,10,89.07,890.7,794.62,14,3,No
2023-10-14,South,Mobile Devices,Smartphone C,12,781.07,9372.84,7289.49,2,5,No
2023-01-31,East,Accessories,Charger Pro,19,1026.86,19510.34,14343.02,17,4,No
2023-11-11,East,Home Appliances,Blender Z,14,1216.43,17030.02,11774.29,52,2,No
2023-09-16,East,Laptops,Gaming Beast,15,1031.23,15468.45,12111.78,7,3,Yes
2023-07-16,North,Accessories,Wireless Mouse,14,598.77,8382.78,5487.96,3,2,No
2023-01-29,North,Home Appliances,Blender Z,6,327.75,1966.5,1514.81,92,2,Yes
2023-12-10,North,Mobile Devices,Smartphone C,12,1410.46,16925.52,14698.94,13,8,Yes
2023-03-22,East,Laptops,Ultrabook X,14,310.05,4340.7,2663.32,39,5,No
2023-04-26,West,Mobile Devices,Smartphone C,16,1126.03,18016.48,13726.89,23,9,No
2023-12-14,West,Accessories,Charger Pro,13,228.57,2971.41,2497.94,64,9,No
2023-08-01,North,Mobile Devices,Smartphone C,7,646.63,4526.41,3252.06,7,8,No
2023-12-05,North,Accessories,Keyboard Combo,11,314.29,3457.19,2812.09,34,1,No
2023-12-02,West,Mobile Devices,Smartphone A,5,1390.93,6954.65,5531.19,27,7,Yes
2023-08-12,East,Laptops,Ultrabook X,9,942.48,8482.32,5931.43,47,7,Yes
2023-03-05,North,Accessories,Charger Pro,5,1099.82,5499.1,4351.26,90,3,No
2023-04-11,East,Accessories,Charger Pro,1,586.73,586.73,523.08,2,1,Yes
2023-12-01,South,Laptops,Notebook Lite,5,850.69,4253.45,3535.85,26,9,Yes
2023-07-25,North,Mobile Devices,Smartphone B,15,652.76,9791.4,5949.51,76,3,Yes
2023-03-11,West,Home Appliances,Microwave X,7,723.55,5064.85,3894.78,3,5,Yes
2023-03-17,South,Laptops,Notebook Lite,7,627.37,4391.59,3630.38,35,7,No
2023-02-07,West,Laptops,Notebook Lite,19,258.61,4913.59,4318.6,44,9,Yes
2023-07-08,East,Laptops,Gaming Beast,6,695.67,4174.02,2777.94,83,7,No
2023-05-25,West,Mobile Devices,Smartphone B,7,1362.11,9534.77,6499.28,26,9,Yes
2023-05-30,East,Mobile Devices,Smartphone A,13,1293.88,16820.44,10127.35,71,9,Yes
2023-01-24,North,Laptops,Gaming Beast,5,1044.81,5224.05,3556.66,23,6,Yes
2023-11-24,North,Home Appliances,Microwave X,9,617.68,5559.12,3443.7,57,4,No
2023-11-28,West,Laptops,Ultrabook X,12,392.64,4711.68,3529.87,55,1,Yes
2023-11-16,South,Mobile Devices,Smartphone B,17,1465.39,24911.63,18018.86,86,5,Yes
2023-05-04,West,Laptops,Notebook Lite,1,958.84,958.84,771.11,52,6,No
2023-06-12,East,Home Appliances,Air Conditioner Q,4,139.66,558.64,397.14,16,6,No
2023-03-12,North,Accessories,Charger Pro,5,955.81,4779.05,3775.73,10,1,No
2023-07-03,West,Home Appliances,Microwave X,9,494.75,4452.75,2920.81,92,3,No
2023-02-16,North,Laptops,Ultrabook X,4,44.55,178.2,134.3,18,4,Yes
2023-11-12,East,Accessories,Keyboard Combo,7,278.06,1946.42,1571.31,38,2,No
2023-11-18,East,Accessories,Keyboard Combo,8,223.53,1788.24,1255.92,88,2,Yes
2023-02-12,West,Accessories,Charger Pro,10,401.75,4017.5,3205.95,89,9,No
2023-12-10,North,Laptops,Gaming Beast,17,377.94,6424.98,4034.44,11,5,No
2023-03-09,North,Accessories,Keyboard Combo,5,1326.3,6631.5,4354.32,98,3,No
2023-03-14,North,Home Appliances,Microwave X,16,1273.06,20368.96,17454.11,53,8,Yes
2023-04-27,North,Laptops,Ultrabook X,1,970.21,970.21,606.62,71,4,Yes
2023-08-14,East,Home Appliances,Microwave X,6,1010.1,6060.6,4692.15,88,3,Yes
2023-07-30,East,Accessories,Keyboard Combo,18,258.0,4644.0,3550.9,53,3,No
2023-10-27,North,Home Appliances,Blender Z,16,1491.8,23868.8,15581.02,67,1,No
2023-10-22,South,Home Appliances,Microwave X,14,501.59,7022.26,5785.97,7,7,No
2023-02-25,North,Laptops,Notebook Lite,3,993.27,2979.81,2295.92,75,3,No
2023-09-14,West,Home Appliances,Microwave X,14,893.01,12502.14,11172.76,50,6,No
2023-07-27,South,Mobile Devices,Smartphone C,8,954.09,7632.72,6399.6,29,1,No
2023-02-06,West,Mobile Devices,Smartphone A,15,748.93,11233.95,7398.37,60,3,No
2023-04-21,East,Home Appliances,Microwave X,4,55.99,223.96,177.74,16,5,No
2023-08-18,West,Laptops,Ultrabook X,6,567.83,3406.98,2059.99,23,1,No
2023-10-30,North,Mobile Devices,Smartphone C,14,1450.65,20309.1,18056.54,96,4,Yes
2023-01-05,East,Laptops,Gaming Beast,1,489.04,489.04,318.29,24,6,Yes
2023-03-08,South,Mobile Devices,Smartphone C,3,863.69,2591.07,1630.18,31,6,No
2023-04-15,South,Accessories,Keyboard Combo,2,396.16,792.32,545.58,89,1,No
2023-10-06,West,Home Appliances,Blender Z,8,1051.58,8412.64,6820.51,47,7,Yes
2023-04-16,North,Laptops,Ultrabook X,10,1217.85,12178.5,10266.89,24,8,Yes
2023-10-19,South,Accessories,Keyboard Combo,13,140.76,1829.88,1100.77,35,4,Yes
2023-09-23,North,Home Appliances,Blender Z,1,124.99,124.99,89.87,13,3,Yes
2023-05-20,West,Home Appliances,Blender Z,15,575.86,8637.9,5426.28,86,6,Yes
2023-11-02,East,Home Appliances,Microwave X,19,709.09,13472.71,10276.89,21,6,No
2023-04-28,North,Accessories,Keyboard Combo,17,75.28,1279.76,1083.68,53,5,No
2023-09-29,East,Accessories,Charger Pro,1,1245.25,1245.25,848.59,4,7,Yes
2023-06-14,South,Home Appliances,Blender Z,4,1266.19,5064.76,3334.2,93,3,Yes
2023-03-20,South,Laptops,Notebook Lite,8,1094.62,8756.96,7817.83,29,3,Yes
2023-02-03,West,Home Appliances,Blender Z,17,610.25,10374.25,7573.79,57,7,Yes
2023-06-15,South,Mobile Devices,Smartphone B,5,292.81,1464.05,913.95,8,5,Yes
2023-09-04,West,Laptops,Notebook Lite,1,276.48,276.48,178.86,33,6,Yes
2023-05-03,West,Laptops,Gaming Beast,16,290.64,4650.24,4094.0,0,7,Yes
2023-06-09,South,Home Appliances,Microwave X,5,925.35,4626.75,3358.47,75,3,Yes
2023-07-12,West,Mobile Devices,Smartphone C,5,197.84,989.2,694.98,91,5,Yes
2023-02-25,South,Mobile Devices,Smartphone B,15,80.28,1204.2,1031.56,68,5,Yes
2023-08-29,South,Accessories,Wireless Mouse,7,532.53,3727.71,2756.28,22,6,Yes
2023-11-18,North,Mobile Devices,Smartphone A,5,1332.29,6661.45,4518.25,9,3,No
2023-07-25,West,Accessories,Charger Pro,1,818.28,818.28,658.87,15,8,No
2023-03-18,South,Accessories,Wireless Mouse,16,970.78,15532.48,9443.02,31,4,Yes
2023-10-09,West,Mobile Devices,Smartphone A,12,594.49,7133.88,5657.07,32,3,No
2023-12-02,North,Laptops,Ultrabook X,11,1413.37,15547.07,11129.07,32,8,Yes
2023-09-19,North,Mobile Devices,Smartphone B,10,325.89,3258.9,2223.18,11,2,No
2023-02-11,East,Laptops,Ultrabook X,19,935.02,17765.38,12452.93,89,8,No
2023-04-18,South,Home Appliances,Microwave X,10,54.44,544.4,459.66,6,4,Yes
2023-08-11,West,Mobile Devices,Smartphone B,18,950.84,17115.12,14774.48,35,9,No
2023-09-07,West,Home Appliances,Blender Z,4,282.61,1130.44,932.82,63,3,No
2023-01-07,South,Laptops,Gaming Beast,17,1102.84,18748.28,11967.16,95,8,No
2023-09-27,North,Accessories,Keyboard Combo,5,373.12,1865.6,1499.86,22,9,No
2023-08-24,West,Mobile Devices,Smartphone B,3,172.62,517.86,450.93,61,4,Yes
2023-01-05,East,Mobile Devices,Smartphone C,16,596.63,9546.08,6580.02,18,1,No
2023-11-11,West,Laptops,Notebook Lite,4,36.04,144.16,125.65,75,9,Yes
2023-11-20,North,Home Appliances,Air Conditioner Q,7,1436.07,10052.49,8072.46,51,3,Yes
2023-12-17,East,Home Appliances,Microwave X,15,143.26,2148.9,1348.46,11,9,No
2023-10-24,West,Laptops,Ultrabook X,4,1420.37,5681.48,4740.56,38,5,Yes
2023-10-12,North,Mobile Devices,Smartphone C,10,1461.89,14618.9,13139.17,4,3,No
2023-09-01,East,Mobile Devices,Smartphone C,11,1064.63,11710.93,10429.7,8,1,No
2023-01-01,West,Laptops,Ultrabook X,6,144.48,866.88,702.42,41,9,Yes
2023-11-22,North,Accessories,Charger Pro,18,1340.01,24120.18,15532.95,28,5,No
2023-05-27,West,Mobile Devices,Smartphone A,6,1480.23,8881.38,6326.04,64,6,Yes
2023-08-03,South,Mobile Devices,Smartphone A,17,1421.93,24172.81,21654.01,3,4,No
2023-09-14,West,Mobile Devices,Smartphone C,6,1068.11,6408.66,4771.25,53,7,Yes
2023-02-21,East,Laptops,Notebook Lite,10,1361.4,13614.0,8622.55,66,2,No
2023-11-13,North,Mobile Devices,Smartphone C,8,193.94,1551.52,1233.09,0,3,No
2023-10-30,South,Home Appliances,Air Conditioner Q,13,371.51,4829.63,3477.66,24,8,No
2023-08-04,West,Mobile Devices,Smartphone C,1,350.92,350.92,311.96,43,5,No
2023-10-27,West,Home Appliances,Air Conditioner Q,16,801.0,12816.0,11507.35,35,3,Yes
2023-07-01,West,Accessories,Charger Pro,19,1454.57,27636.83,20919.13,48,1,No
2023-05-03,North,Laptops,Ultrabook X,3,1353.71,4061.13,2492.05,11,8,Yes
2023-01-28,North,Home Appliances,Microwave X,6,694.37,4166.22,3274.81,7,4,No
2023-03-15,North,Home Appliances,Blender Z,8,542.96,4343.68,3366.77,91,5,Yes
2023-08-01,West,Mobile Devices,Smartphone C,9,404.73,3642.57,2680.83,62,1,Yes
2023-05-16,North,Mobile Devices,Smartphone B,9,478.1,4302.9,3632.24,91,3,Yes
2023-11-28,West,Mobile Devices,Smartphone B,6,1425.7,8554.2,6994.9,46,9,Yes
2023-09-01,South,Laptops,Ultrabook X,2,142.47,284.94,245.9,4,7,Yes
2023-02-28,North,Mobile Devices,Smartphone A,1,1170.85,1170.85,871.24,48,5,Yes
2023-10-06,West,Mobile Devices,Smartphone B,17,1260.73,21432.41,15873.01,98,1,Yes
2023-08-07,North,Laptops,Gaming Beast,16,131.53,2104.48,1699.4,68,5,Yes
2023-07-16,East,Mobile Devices,Smartphone C,6,1371.49,8228.94,6381.91,52,5,Yes
2023-11-21,South,Home Appliances,Blender Z,10,1277.48,12774.8,8612.83,77,9,No
2023-07-20,North,Laptops,Notebook Lite,14,392.13,5489.82,3746.36,3,1,Yes
2023-01-25,West,Mobile Devices,Smartphone B,17,1140.36,19386.12,11904.41,94,8,No
2023-01-27,North,Home Appliances,Microwave X,7,1013.93,7097.51,5366.37,2,2,No
2023-06-19,South,Accessories,Keyboard Combo,12,1228.25,14739.0,13123.49,93,9,No
2023-06-29,East,Accessories,Wireless Mouse,17,218.34,3711.78,2259.12,78,5,Yes
2023-04-29,East,Mobile Devices,Smartphone C,14,1062.04,14868.56,9871.08,37,2,Yes
2023-12-27,North,Accessories,Charger Pro,6,919.97,5519.82,4366.14,78,3,No
2023-08-26,West,Accessories,Keyboard Combo,2,535.42,1070.84,807.62,87,7,Yes
2023-11-05,East,Home Appliances,Microwave X,10,1296.3,12963.0,11470.39,3,8,No
2023-04-12,South,Laptops,Ultrabook X,17,748.33,12721.61,8618.55,87,5,Yes
2023-11-19,East,Laptops,Ultrabook X,2,938.79,1877.58,1322.24,42,3,No
2023-11-19,East,Home Appliances,Air Conditioner Q,15,210.74,3161.1,2018.09,94,6,Yes
2023-08-31,West,Home Appliances,Microwave X,16,968.49,15495.84,10143.02,55,9,Yes
2023-02-26,South,Accessories,Wireless Mouse,3,1313.99,3941.97,2974.5,31,2,Yes
2023-05-18,West,Home Appliances,Microwave X,19,80.49,1529.31,995.09,91,6,No
2023-06-02,South,Laptops,Gaming Beast,6,198.54,1191.24,879.41,89,2,No
2023-03-30,South,Home Appliances,Air Conditioner Q,17,765.06,13006.02,10497.4,72,9,Yes
2023-04-28,East,Accessories,Keyboard Combo,15,949.29,14239.35,8892.87,93,1,Yes
2023-05-25,North,Mobile Devices,Smartphone A,4,1213.18,4852.72,4000.96,51,8,No
2023-10-23,North,Mobile Devices,Smartphone C,14,935.02,13090.28,9302.92,87,2,No
2023-11-26,North,Laptops,Notebook Lite,13,112.27,1459.51,940.39,6,3,No
2023-12-18,North,Home Appliances,Air Conditioner Q,15,1269.77,19046.55,15711.21,17,6,No
2023-07-05,East,Laptops,Notebook Lite,3,607.8,1823.4,1151.41,27,7,No
2023-08-15,North,Accessories,Keyboard Combo,17,332.94,5659.98,3952.08,43,9,No
2023-05-10,East,Mobile Devices,Smartphone B,17,527.53,8968.01,6655.98,9,3,No
2023-03-02,West,Mobile Devices,Smartphone B,9,757.69,6819.21,4269.34,85,2,Yes
2023-01-25,North,Laptops,Ultrabook X,15,1123.25,16848.75,12291.13,82,9,No
2023-04-17,East,Laptops,Gaming Beast,5,557.36,2786.8,2212.09,97,8,No
2023-08-05,South,Home Appliances,Microwave X,13,508.92,6615.96,5822.76,52,6,Yes
2023-10-31,South,Mobile Devices,Smartphone B,6,560.73,3364.38,2510.98,93,8,No
2023-12-22,North,Accessories,Charger Pro,9,138.75,1248.75,945.75,39,5,No
2023-07-09,North,Mobile Devices,Smartphone C,4,1495.94,5983.76,5199.79,83,4,No
2023-03-20,West,Home Appliances,Blender Z,15,1229.27,18439.05,12490.07,50,9,Yes
2023-06-30,North,Laptops,Notebook Lite,2,844.01,1688.02,1302.28,50,5,Yes
2023-06-09,South,Accessories,Keyboard Combo,6,1452.63,8715.78,7088.42,83,1,No
2023-08-19,South,Home Appliances,Blender Z,17,804.16,13670.72,11102.94,13,6,No
2023-02-16,North,Accessories,Wireless Mouse,5,769.03,3845.15,3382.21,76,3,No
2023-07-17,North,Accessories,Keyboard Combo,1,566.46,566.46,417.07,4,7,No
2023-03-21,East,Home Appliances,Microwave X,10,1485.14,14851.4,10347.06,1,4,No
2023-04-14,East,Laptops,Ultrabook X,1,225.46,225.46,135.46,8,8,Yes
2023-06-28,West,Laptops,Notebook Lite,6,629.52,3777.12,2661.59,48,5,No
2023-01-23,North,Accessories,Charger Pro,12,624.61,7495.32,6594.99,74,9,No
2023-05-28,North,Home Appliances,Air Conditioner Q,2,288.22,576.44,357.36,39,6,Yes
2023-12-19,North,Laptops,Notebook Lite,8,1245.35,9962.8,8220.81,59,3,No
2023-02-24,West,Accessories,Wireless Mouse,5,1225.57,6127.85,4899.58,25,4,Yes
2023-07-01,West,Home Appliances,Microwave X,13,890.69,11578.97,9319.85,71,7,No
2023-10-07,North,Home Appliances,Blender Z,8,577.88,4623.04,3415.52,37,1,No
2023-03-14,West,Laptops,Notebook Lite,15,874.68,13120.2,9270.85,65,5,No
2023-08-12,North,Mobile Devices,Smartphone B,8,358.96,2871.68,2190.67,69,6,Yes
2023-04-06,East,Mobile Devices,Smartphone A,3,949.01,2847.03,1994.26,63,4,Yes
2023-03-27,South,Accessories,Keyboard Combo,15,1320.37,19805.55,14826.97,93,7,Yes
2023-08-05,South,Mobile Devices,Smartphone A,4,1496.59,5986.36,4943.06,26,7,No
2023-05-12,North,Home Appliances,Blender Z,1,69.63,69.63,53.68,9,5,No
2023-02-04,North,Home Appliances,Microwave X,10,526.28,5262.8,4454.31,30,4,Yes
2023-08-04,South,Home Appliances,Microwave X,13,208.68,2712.84,1951.04,28,8,No
2023-06-04,East,Mobile Devices,Smartphone C,5,739.81,3699.05,2673.25,44,2,No
2023-12-21,North,Laptops,Notebook Lite,19,1047.04,19893.76,15175.3,42,5,Yes
2023-11-15,East,Accessories,Wireless Mouse,11,1439.43,15833.73,11127.27,5,8,No
2023-03-30,East,Accessories,Charger Pro,15,446.14,6692.1,5249.85,89,8,Yes
2023-09-24,North,Accessories,Keyboard Combo,18,924.95,16649.1,10079.92,59,4,No
2023-12-28,East,Accessories,Wireless Mouse,16,1051.04,16816.64,14743.99,71,1,Yes
2023-06-23,West,Laptops,Notebook Lite,9,647.71,5829.39,4785.54,39,9,No
2023-01-30,East,Accessories,Keyboard Combo,11,687.24,7559.64,4792.6,20,4,Yes
2023-10-02,East,Laptops,Notebook Lite,1,1307.45,1307.45,987.98,39,5,No
2023-02-19,East,Home Appliances,Microwave X,15,101.05,1515.75,1061.87,51,9,Yes
2023-10-31,North,Laptops,Gaming Beast,9,189.12,1702.08,1232.9,89,6,Yes
2023-06-03,South,Mobile Devices,Smartphone C,2,709.24,1418.48,1055.71,90,1,No
2023-04-15,West,Mobile Devices,Smartphone B,11,68.61,754.71,659.48,53,8,No
2023-06-07,South,Mobile Devices,Smartphone C,7,264.96,1854.72,1131.68,32,1,Yes
2023-12-31,North,Home Appliances,Microwave X,11,955.75,10513.25,6349.25,84,1,Yes
2023-07-09,West,Mobile Devices,Smartphone A,7,1463.8,10246.6,7558.88,19,6,No
2023-09-14,South,Mobile Devices,Smartphone C,8,763.25,6106.0,4754.23,12,7,No
2023-09-15,North,Laptops,Notebook Lite,19,330.66,6282.54,5462.14,31,1,No
2023-01-05,North,Laptops,Ultrabook X,13,579.03,7527.39,6405.58,18,2,No
2023-05-19,South,Laptops,Gaming Beast,1,1167.78,1167.78,859.47,65,6,Yes
2023-04-01,North,Mobile Devices,Smartphone A,17,613.13,10423.21,8003.9,62,4,Yes
2023-05-21,South,Home Appliances,Blender Z,1,514.86,514.86,320.58,2,3,No
2023-05-24,South,Home Appliances,Microwave X,14,799.34,11190.76,9402.76,54,2,No
2023-01-30,North,Home Appliances,Air Conditioner Q,7,995.21,6966.47,4236.51,66,8,Yes
2023-08-23,South,Mobile Devices,Smartphone A,8,174.08,1392.64,1169.78,66,3,No
2023-05-02,East,Laptops,Ultrabook X,1,843.95,843.95,688.87,34,8,No
2023-12-01,North,Mobile Devices,Smartphone A,14,912.73,12778.22,10759.96,15,4,Yes
2023-06-01,South,Mobile Devices,Smartphone A,5,228.8,1144.0,825.87,54,2,No
2023-08-10,North,Home Appliances,Microwave X,7,957.2,6700.4,5499.5,84,3,Yes
2023-06-12,West,Mobile Devices,Smartphone A,16,288.52,4616.32,3577.24,59,2,No
2023-12-25,East,Accessories,Keyboard Combo,2,1367.72,2735.44,2153.96,10,2,Yes
2023-11-20,East,Laptops,Ultrabook X,3,893.64,2680.92,1824.15,4,5,No
2023-05-04,West,Mobile Devices,Smartphone A,6,1165.28,6991.68,4955.89,52,3,No
2023-06-03,West,Accessories,Wireless Mouse,12,227.37,2728.44,2347.93,58,7,No
2023-07-05,North,Laptops,Gaming Beast,17,737.47,12536.99,9449.6,8,8,Yes
2023-04-03,East,Accessories,Wireless Mouse,2,957.55,1915.1,1297.22,21,4,Yes
2023-04-21,North,Accessories,Wireless Mouse,13,1043.01,13559.13,10914.49,69,2,No
2023-12-05,East,Laptops,Gaming Beast,10,873.24,8732.4,5957.39,16,5,No
2023-05-04,South,Home Appliances,Blender Z,6,1248.02,7488.12,4956.58,85,5,No
2023-01-04,East,Accessories,Keyboard Combo,6,1103.63,6621.78,4471.15,52,7,Yes
2023-03-07,West,Mobile Devices,Smartphone B,10,1373.33,13733.3,9965.31,91,2,Yes
2023-11-20,West,Accessories,Charger Pro,11,292.87,3221.57,2020.25,25,5,Yes
2023-08-23,South,Mobile Devices,Smartphone B,11,447.27,4919.97,3476.95,58,7,Yes
2023-02-05,East,Mobile Devices,Smartphone A,8,858.28,6866.24,5100.35,23,6,Yes
2023-02-03,East,Mobile Devices,Smartphone A,5,735.96,3679.8,2505.85,19,3,Yes
2023-06-05,South,Accessories,Keyboard Combo,3,1265.46,3796.38,3241.81,97,9,Yes
2023-05-03,East,Home Appliances,Microwave X,2,177.77,355.54,221.34,16,1,No
2023-05-25,South,Mobile Devices,Smartphone C,11,905.46,9960.06,7349.57,34,3,No
2023-03-11,West,Accessories,Charger Pro,18,1203.14,21656.52,17507.32,93,6,No
2023-03-13,West,Mobile Devices,Smartphone B,2,172.58,345.16,239.67,58,1,Yes
2023-06-10,West,Laptops,Notebook Lite,17,1426.35,24247.95,17793.19,46,8,Yes
2023-05-10,South,Home Appliances,Microwave X,19,1103.69,20970.11,17656.17,86,5,No
2023-06-29,East,Mobile Devices,Smartphone A,16,1276.81,20428.96,13787.51,88,9,No
2023-10-16,South,Laptops,Gaming Beast,13,1011.48,13149.24,8063.77,15,7,No
2023-02-27,East,Accessories,Keyboard Combo,17,287.25,4883.25,3761.98,6,5,No
2023-06-25,South,Home Appliances,Air Conditioner Q,7,460.08,3220.56,2825.46,58,7,No
2023-08-02,West,Home Appliances,Microwave X,18,1122.7,20208.6,12457.89,98,2,No
2023-11-15,South,Home Appliances,Air Conditioner Q,10,973.93,9739.3,7743.23,23,3,Yes
2023-04-29,West,Mobile Devices,Smartphone C,12,198.44,2381.28,1483.74,36,8,No
2023-03-23,South,Accessories,Wireless Mouse,12,867.19,10406.28,8753.69,3,6,No
2023-08-19,North,Home Appliances,Air Conditioner Q,13,946.32,12302.16,10651.13,41,2,No
2023-02-24,North,Home Appliances,Air Conditioner Q,3,1307.75,3923.25,2378.98,12,2,Yes
2023-10-18,North,Laptops,Gaming Beast,3,123.64,370.92,223.61,28,1,No
2023-05-21,North,Laptops,Gaming Beast,12,948.71,11384.52,9814.63,9,9,No
2023-07-14,South,Home Appliances,Blender Z,7,793.33,5553.31,4551.95,48,3,No
2023-05-11,West,Laptops,Notebook Lite,13,544.84,7082.92,4860.1,67,2,Yes
2023-06-05,East,Home Appliances,Blender Z,5,82.3,411.5,249.11,78,9,Yes
2023-04-14,East,Home Appliances,Air Conditioner Q,15,588.8,8832.0,7099.99,11,5,No
2023-01-08,West,Home Appliances,Blender Z,5,152.33,761.65,552.41,55,8,No
2023-05-09,North,Mobile Devices,Smartphone B,11,1357.51,14932.61,13390.9,70,4,No
2023-01-29,South,Laptops,Gaming Beast,4,362.87,1451.48,1281.39,62,6,Yes
2023-10-11,East,Laptops,Notebook Lite,19,778.78,14796.82,9902.05,97,9,No
2023-06-26,North,Laptops,Gaming Beast,9,295.93,2663.37,2220.92,5,5,No
2023-05-11,East,Accessories,Wireless Mouse,5,952.07,4760.35,3165.14,8,3,No
2023-12-26,North,Laptops,Notebook Lite,17,277.36,4715.12,3389.57,49,2,No
2023-11-26,North,Accessories,Wireless Mouse,17,247.77,4212.09,3558.16,12,8,No
2023-11-29,North,Home Appliances,Microwave X,15,71.6,1074.0,932.74,97,9,No
2023-08-19,West,Home Appliances,Microwave X,3,423.98,1271.94,945.06,66,9,No
2023-10-13,South,Mobile Devices,Smartphone C,2,1295.95,2591.9,2184.6,39,9,Yes
2023-05-31,North,Home Appliances,Blender Z,5,1108.11,5540.55,3792.05,78,6,No
2023-05-15,South,Accessories,Charger Pro,8,1049.66,8397.28,5161.26,17,6,Yes
2023-06-17,East,Accessories,Charger Pro,5,345.87,1729.35,1392.09,68,1,Yes
2023-02-08,South,Mobile Devices,Smartphone C,18,752.82,13550.76,10084.15,92,3,No
2023-01-20,South,Accessories,Charger Pro,3,534.76,1604.28,1288.89,90,1,Yes
2023-05-25,East,Laptops,Gaming Beast,6,791.47,4748.82,4086.11,91,1,No
2023-08-27,North,Mobile Devices,Smartphone B,16,1068.38,17094.08,14548.84,88,5,No
2023-05-29,South,Mobile Devices,Smartphone C,10,176.63,1766.3,1430.17,59,7,No
2023-06-15,South,Home Appliances,Blender Z,5,1323.69,6618.45,5702.15,30,7,No
2023-10-31,West,Laptops,Ultrabook X,10,210.73,2107.3,1476.24,29,7,Yes
2023-11-09,West,Accessories,Keyboard Combo,18,1230.59,22150.62,18820.06,92,7,Yes
2023-06-29,South,Home Appliances,Blender Z,2,444.82,889.64,698.44,16,8,No
2023-04-29,East,Mobile Devices,Smartphone A,2,958.33,1916.66,1460.49,34,6,No
2023-08-14,West,Mobile Devices,Smartphone C,19,1146.32,21780.08,16604.7,95,2,No
2023-03-03,North,Accessories,Wireless Mouse,15,1399.4,20991.0,13240.13,67,4,Yes
2023-08-29,West,Accessories,Charger Pro,4,120.4,481.6,332.44,16,6,No
2023-02-05,North,Mobile Devices,Smartphone A,17,881.61,14987.37,10547.59,89,8,No
2023-01-28,East,Mobile Devices,Smartphone A,18,1309.87,23577.66,21032.37,28,4,Yes
2023-11-16,South,Laptops,Gaming Beast,3,899.71,2699.13,1930.1,28,1,No
2023-11-10,South,Home Appliances,Blender Z,6,570.31,3421.86,2893.65,74,7,Yes
2023-04-09,North,Laptops,Notebook Lite,2,424.97,849.94,764.21,80,3,No
2023-08-15,West,Accessories,Keyboard Combo,13,1284.23,16694.99,12656.59,28,4,Yes
2023-08-22,East,Laptops,Gaming Beast,2,1163.78,2327.56,1557.18,74,3,No
2023-12-26,North,Home Appliances,Blender Z,17,1445.59,24575.03,14975.79,92,5,Yes
2023-04-14,East,Accessories,Keyboard Combo,15,641.2,9618.0,7613.2,5,3,No
2023-07-01,North,Home Appliances,Blender Z,5,1476.29,7381.45,5335.31,37,2,No
2023-04-01,West,Mobile Devices,Smartphone B,3,66.08,198.24,157.7,11,2,Yes
2023-01-12,East,Mobile Devices,Smartphone A,15,717.87,10768.05,8215.7,59,9,Yes
2023-02-20,South,Mobile Devices,Smartphone A,17,154.92,2633.64,1701.59,26,2,Yes
2023-06-16,South,Mobile Devices,Smartphone C,7,946.81,6627.67,4237.56,52,8,No
2023-12-13,West,Laptops,Ultrabook X,3,294.48,883.44,652.53,93,7,Yes
2023-01-12,West,Laptops,Ultrabook X,17,918.81,15619.77,10531.82,8,6,Yes
2023-10-24,South,Laptops,Gaming Beast,16,747.56,11960.96,7406.98,1,8,No
2023-05-30,South,Mobile Devices,Smartphone A,8,479.34,3834.72,2824.52,71,5,Yes
2023-12-05,South,Mobile Devices,Smartphone B,18,1027.08,18487.44,13286.25,94,6,Yes
2023-06-11,East,Laptops,Ultrabook X,11,1048.57,11534.27,9896.83,40,8,Yes
2023-04-07,East,Home Appliances,Air Conditioner Q,11,731.15,8042.65,5078.77,16,9,Yes
2023-10-04,East,Mobile Devices,Smartphone A,14,230.89,3232.46,2423.27,85,4,No
2023-04-19,South,Mobile Devices,Smartphone B,1,848.28,848.28,511.45,96,2,No
2023-11-27,East,Mobile Devices,Smartphone B,1,150.04,150.04,105.81,32,4,Yes
2023-06-05,East,Accessories,Keyboard Combo,7,216.42,1514.94,1166.9,45,2,Yes
2023-04-29,West,Mobile Devices,Smartphone B,15,316.22,4743.3,3084.31,48,8,No
2023-01-15,East,Accessories,Keyboard Combo,11,203.85,2242.35,1948.3,8,6,Yes
2023-01-04,West,Laptops,Ultrabook X,9,96.92,872.28,665.02,75,8,Yes
2023-06-12,West,Home Appliances,Microwave X,8,1076.85,8614.8,7240.9,61,7,Yes
2023-08-04,East,Laptops,Gaming Beast,11,1344.33,14787.63,11301.86,57,6,Yes
2023-07-02,East,Home Appliances,Microwave X,3,80.32,240.96,156.43,13,2,No
2023-10-20,East,Mobile Devices,Smartphone C,12,385.71,4628.52,2998.65,44,3,No
2023-07-15,North,Home Appliances,Air Conditioner Q,19,1464.28,27821.32,19504.66,7,7,Yes
2023-03-04,South,Accessories,Charger Pro,19,259.28,4926.32,2986.62,82,6,No
2023-12-31,South,Mobile Devices,Smartphone B,5,1494.57,7472.85,6669.05,2,3,No
2023-09-04,North,Home Appliances,Air Conditioner Q,3,346.43,1039.29,754.03,78,1,Yes
2023-08-17,East,Home Appliances,Air Conditioner Q,7,704.68,4932.76,4244.55,30,8,No
2023-09-17,West,Home Appliances,Microwave X,5,531.98,2659.9,1892.02,19,8,Yes
2023-11-06,East,Accessories,Keyboard Combo,18,1303.21,23457.78,18147.0,35,5,Yes
2023-03-24,North,Laptops,Notebook Lite,2,740.27,1480.54,1276.27,33,4,Yes
2023-10-06,West,Home Appliances,Microwave X,6,989.41,5936.46,5328.8,57,6,Yes
2023-09-12,North,Mobile Devices,Smartphone A,12,588.09,7057.08,5220.43,20,1,Yes
2023-02-17,South,Mobile Devices,Smartphone C,3,1168.48,3505.44,2529.5,93,7,Yes
2023-01-21,East,Laptops,Ultrabook X,10,371.56,3715.6,3312.15,36,5,No
2023-04-28,South,Laptops,Ultrabook X,6,748.57,4491.42,3027.98,59,8,Yes
2023-02-08,South,Mobile Devices,Smartphone B,7,551.67,3861.69,3003.95,69,1,Yes
2023-03-21,South,Laptops,Notebook Lite,2,1289.82,2579.64,1554.77,64,8,Yes
2023-09-11,North,Accessories,Wireless Mouse,12,213.69,2564.28,2284.64,46,3,No
2023-09-04,North,Accessories,Wireless Mouse,14,509.72,7136.08,5242.4,75,9,Yes
2023-04-19,South,Mobile Devices,Smartphone A,1,685.16,685.16,531.93,75,1,Yes
2023-05-29,West,Laptops,Gaming Beast,11,1109.87,12208.57,9756.37,36,1,No
2023-02-06,North,Mobile Devices,Smartphone C,17,1063.97,18087.49,13274.6,78,6,No
2023-02-14,North,Accessories,Charger Pro,12,819.06,9828.72,5998.04,77,2,Yes
2023-05-01,South,Mobile Devices,Smartphone A,9,806.13,7255.17,6391.67,28,1,No
2023-12-16,East,Mobile Devices,Smartphone B,3,689.25,2067.75,1819.96,68,1,Yes
2023-09-04,East,Mobile Devices,Smartphone A,17,885.31,15050.27,12137.48,19,5,No
2023-06-26,West,Mobile Devices,Smartphone A,18,1448.38,26070.84,15681.14,97,9,Yes
2023-07-12,East,Home Appliances,Air Conditioner Q,18,1460.18,26283.24,20344.11,55,2,No
2023-06-19,East,Mobile Devices,Smartphone C,12,807.72,9692.64,6181.21,44,4,No
2023-06-19,East,Home Appliances,Air Conditioner Q,16,1410.93,22574.88,18508.46,7,2,No
2023-03-28,South,Home Appliances,Air Conditioner Q,1,1101.63,1101.63,712.59,4,6,No
2023-01-20,North,Mobile Devices,Smartphone C,15,1045.09,15676.35,13347.39,89,2,No
2023-10-22,West,Home Appliances,Air Conditioner Q,18,934.41,16819.38,14475.96,75,8,No
2023-05-18,North,Laptops,Notebook Lite,14,1379.64,19314.96,15069.2,30,5,Yes
2023-11-22,West,Laptops,Ultrabook X,16,983.82,15741.12,9948.04,91,2,No
2023-06-29,North,Mobile Devices,Smartphone B,18,915.33,16475.94,11457.92,32,9,No
2023-09-27,West,Accessories,Wireless Mouse,16,1133.59,18137.44,11374.8,30,9,Yes
2023-07-15,South,Laptops,Notebook Lite,11,1320.2,14522.2,10474.02,3,6,No
2023-08-26,North,Accessories,Charger Pro,19,1215.61,23096.59,19139.81,22,3,Yes
2023-09-17,South,Laptops,Gaming Beast,13,1230.39,15995.07,10173.87,53,7,Yes
2023-05-07,North,Home Appliances,Blender Z,15,952.71,14290.65,11188.86,14,5,Yes
2023-12-02,West,Home Appliances,Microwave X,19,595.07,11306.33,8305.72,48,1,No
2023-12-23,South,Mobile Devices,Smartphone A,3,356.36,1069.08,664.92,98,8,No
2023-12-26,South,Home Appliances,Microwave X,14,971.01,13594.14,11253.27,8,3,Yes
2023-01-24,North,Home Appliances,Air Conditioner Q,8,788.24,6305.92,4690.06,92,9,No
2023-05-08,West,Mobile Devices,Smartphone C,12,240.51,2886.12,2187.64,78,4,No
2023-01-11,South,Accessories,Keyboard Combo,15,603.66,9054.9,6925.41,45,2,No
2023-06-28,North,Accessories,Keyboard Combo,12,1434.18,17210.16,10420.23,22,7,No
2023-01-18,South,Accessories,Charger Pro,16,978.26,15652.16,13608.13,24,4,Yes
2023-05-08,East,Mobile Devices,Smartphone C,11,582.51,6407.61,4223.55,12,6,No
2023-01-07,North,Accessories,Wireless Mouse,19,170.1,3231.9,2410.23,51,3,No
2023-07-27,South,Home Appliances,Blender Z,8,480.74,3845.92,3011.74,17,2,Yes
2023-09-02,West,Mobile Devices,Smartphone B,17,1465.55,24914.35,21101.26,93,7,Yes
2023-06-06,East,Home Appliances,Microwave X,12,288.53,3462.36,2622.91,70,8,Yes
2023-08-30,East,Home Appliances,Microwave X,17,859.62,14613.54,9892.91,35,4,No
2023-01-04,North,Accessories,Wireless Mouse,4,148.82,595.28,502.85,43,8,Yes
2023-08-09,South,Laptops,Notebook Lite,13,957.06,12441.78,11016.21,21,6,No
2023-01-31,East,Accessories,Wireless Mouse,9,1194.74,10752.66,8537.42,87,9,Yes
2023-01-10,East,Laptops,Ultrabook X,10,1352.03,13520.3,9545.69,25,5,Yes
2023-06-24,North,Laptops,Ultrabook X,4,426.71,1706.84,1445.33,59,7,No
2023-01-17,North,Home Appliances,Microwave X,10,1218.1,12181.0,10110.19,73,1,No
2023-07-21,East,Home Appliances,Blender Z,18,246.42,4435.56,2974.36,97,1,Yes
2023-10-23,South,Accessories,Charger Pro,17,284.1,4829.7,3350.27,34,7,No
2023-12-15,South,Mobile Devices,Smartphone B,11,363.28,3996.08,2866.28,56,9,No
2023-05-12,West,Home Appliances,Microwave X,2,426.32,852.64,664.3,17,3,Yes
2023-09-14,East,Accessories,Wireless Mouse,10,653.74,6537.4,5329.81,74,7,Yes
2023-09-22,North,Home Appliances,Blender Z,14,174.08,2437.12,1991.86,41,7,Yes
2023-08-09,West,Mobile Devices,Smartphone C,13,137.54,1788.02,1118.76,96,4,No
2023-02-01,South,Home Appliances,Blender Z,3,613.76,1841.28,1307.47,69,9,No
2023-05-08,South,Mobile Devices,Smartphone B,7,122.75,859.25,649.35,1,5,Yes
2023-07-20,North,Accessories,Charger Pro,12,365.89,4390.68,3345.71,71,2,Yes
2023-08-26,East,Mobile Devices,Smartphone B,3,808.78,2426.34,1691.89,2,6,No
2023-03-04,East,Home Appliances,Blender Z,6,97.46,584.76,417.25,80,3,No
2023-02-25,West,Mobile Devices,Smartphone B,2,680.6,1361.2,952.94,21,4,Yes
2023-12-22,West,Laptops,Ultrabook X,5,279.45,1397.25,1127.58,54,9,No
2023-12-18,East,Laptops,Gaming Beast,16,21.83,349.28,241.09,7,4,Yes
2023-07-25,South,Mobile Devices,Smartphone A,3,1392.22,4176.66,2800.0,91,3,No
2023-06-09,North,Laptops,Notebook Lite,8,49.64,397.12,326.1,64,9,No
2023-12-02,West,Accessories,Keyboard Combo,6,400.43,2402.58,2009.45,31,1,Yes
2023-06-03,West,Home Appliances,Blender Z,16,770.12,12321.92,7982.03,13,4,No
2023-05-19,North,Laptops,Gaming Beast,1,356.49,356.49,250.44,84,2,No
2023-11-11,West,Mobile Devices,Smartphone B,9,774.39,6969.51,5907.26,61,7,No
2023-10-15,North,Accessories,Keyboard Combo,4,1312.54,5250.16,3404.88,21,6,No
2023-03-04,South,Laptops,Gaming Beast,5,598.74,2993.7,2246.31,48,6,No
2023-08-27,West,Accessories,Charger Pro,18,949.37,17088.66,13710.08,29,6,Yes
2023-03-31,North,Home Appliances,Microwave X,3,1189.25,3567.75,2466.76,72,5,Yes
2023-04-21,South,Mobile Devices,Smartphone A,3,276.82,830.46,671.41,81,4,No
2023-08-07,South,Accessories,Wireless Mouse,18,968.64,17435.52,14763.42,24,6,No
2023-06-06,North,Accessories,Wireless Mouse,1,1385.68,1385.68,1033.88,79,6,No
2023-08-29,West,Home Appliances,Air Conditioner Q,14,278.76,3902.64,2929.98,40,6,No
2023-10-04,South,Laptops,Ultrabook X,13,563.95,7331.35,4548.75,97,4,No
2023-05-27,West,Mobile Devices,Smartphone C,15,1445.41,21681.15,16583.02,31,4,No
2023-06-23,North,Mobile Devices,Smartphone B,18,431.07,7759.26,6637.54,31,2,No
2023-07-13,North,Mobile Devices,Smartphone A,19,591.96,11247.24,8652.87,33,9,No
2023-03-07,North,Home Appliances,Air Conditioner Q,2,737.21,1474.42,1218.28,30,8,No
2023-08-17,West,Mobile Devices,Smartphone B,15,1475.84,22137.6,14871.02,98,5,No
2023-02-06,West,Home Appliances,Microwave X,9,1178.39,10605.51,7207.68,6,1,Yes
2023-01-28,East,Home Appliances,Microwave X,4,957.12,3828.48,2559.98,51,4,Yes
2023-07-24,South,Accessories,Wireless Mouse,4,800.02,3200.08,2329.1,62,5,Yes
2023-03-01,West,Mobile Devices,Smartphone C,3,564.28,1692.84,1226.02,13,7,Yes
2023-04-03,East,Accessories,Wireless Mouse,5,592.88,2964.4,2635.79,54,2,No
2023-09-11,West,Mobile Devices,Smartphone C,6,404.52,2427.12,2009.87,57,8,Yes
2023-10-02,East,Laptops,Ultrabook X,7,936.04,6552.28,4567.27,89,2,No
2023-10-20,North,Home Appliances,Air Conditioner Q,13,1464.29,19035.77,15998.82,44,4,No
2023-02-27,West,Accessories,Charger Pro,17,182.41,3100.97,2370.34,62,5,No
2023-03-22,East,Home Appliances,Air Conditioner Q,4,1299.7,5198.8,3499.02,81,8,Yes
2023-06-28,South,Laptops,Gaming Beast,3,576.31,1728.93,1241.96,37,5,Yes
2023-12-24,West,Home Appliances,Air Conditioner Q,10,1340.29,13402.9,11883.02,16,8,No
2023-08-28,South,Mobile Devices,Smartphone A,9,1415.39,12738.51,10734.3,47,1,No
2023-07-26,East,Laptops,Ultrabook X,10,1396.87,13968.7,9441.69,20,7,No
2023-12-18,West,Laptops,Ultrabook X,2,591.8,1183.6,869.99,48,1,Yes
2023-09-10,West,Mobile Devices,Smartphone A,13,242.25,3149.25,2586.26,64,7,Yes
2023-10-14,North,Mobile Devices,Smartphone B,5,90.79,453.95,277.55,86,1,Yes
2023-08-12,South,Laptops,Gaming Beast,13,1207.15,15692.95,9911.83,16,5,Yes
2023-04-21,East,Laptops,Ultrabook X,8,542.81,4342.48,2991.8,10,4,No
2023-11-25,North,Home Appliances,Blender Z,15,1414.63,21219.45,17721.48,50,5,Yes
2023-03-29,South,Laptops,Gaming Beast,5,997.25,4986.25,4135.16,63,6,Yes
2023-10-23,South,Mobile Devices,Smartphone A,15,141.61,2124.15,1891.25,94,8,Yes
2023-05-16,West,Laptops,Ultrabook X,8,944.5,7556.0,5399.38,49,3,Yes
2023-06-18,East,Mobile Devices,Smartphone C,17,398.01,6766.17,4588.91,40,9,Yes
2023-05-23,South,Mobile Devices,Smartphone A,18,496.88,8943.84,5702.32,90,8,Yes
2023-03-18,North,Home Appliances,Microwave X,2,910.78,1821.56,1411.21,94,2,Yes
2023-11-13,West,Accessories,Charger Pro,11,84.73,932.03,590.2,17,7,Yes
2023-04-04,East,Laptops,Gaming Beast,9,570.81,5137.29,3748.29,88,2,Yes
2023-09-13,West,Mobile Devices,Smartphone A,12,312.26,3747.12,3245.3,20,3,Yes
2023-02-20,West,Home Appliances,Microwave X,7,1272.84,8909.88,7802.19,17,5,Yes
2023-07-27,East,Home Appliances,Blender Z,13,347.17,4513.21,4032.64,45,8,Yes
2023-05-21,South,Laptops,Ultrabook X,14,1169.14,16367.96,13042.79,74,6,No
2023-06-01,North,Accessories,Keyboard Combo,11,418.61,4604.71,3508.18,12,2,Yes
2023-12-07,North,Home Appliances,Air Conditioner Q,2,214.96,429.92,351.59,26,2,Yes
2023-03-07,East,Home Appliances,Microwave X,15,768.66,11529.9,9825.91,76,6,No
2023-03-11,West,Accessories,Wireless Mouse,11,1142.11,12563.21,10339.86,2,6,Yes
2023-08-20,North,Mobile Devices,Smartphone C,19,244.32,4642.08,2915.82,24,5,Yes
2023-04-14,East,Mobile Devices,Smartphone C,15,258.06,3870.9,2970.58,71,1,Yes
2023-07-07,West,Laptops,Notebook Lite,12,1095.16,13141.92,11795.44,98,2,Yes
2023-10-21,North,Laptops,Gaming Beast,11,480.17,5281.87,4345.42,45,7,Yes
2023-05-30,West,Mobile Devices,Smartphone A,2,545.97,1091.94,911.92,35,6,No
2023-05-09,North,Laptops,Gaming Beast,10,1146.27,11462.7,6999.05,80,9,No
2023-01-23,East,Home Appliances,Air Conditioner Q,2,1142.84,2285.68,1836.58,15,3,No
2023-03-27,North,Mobile Devices,Smartphone B,6,1317.44,7904.64,7105.48,3,4,No
2023-05-20,North,Accessories,Charger Pro,10,1331.57,13315.7,10358.46,36,6,Yes
2023-05-18,West,Mobile Devices,Smartphone C,8,283.99,2271.92,1382.97,45,4,Yes
2023-01-24,West,Home Appliances,Microwave X,13,157.63,2049.19,1591.12,3,3,No
2023-01-15,South,Home Appliances,Air Conditioner Q,5,878.38,4391.9,3374.94,3,8,No
2023-02-12,South,Mobile Devices,Smartphone C,2,907.07,1814.14,1416.2,59,3,Yes
2023-04-15,East,Laptops,Ultrabook X,17,962.01,16354.17,10543.53,23,6,Yes
2023-12-16,North,Home Appliances,Blender Z,4,785.56,3142.24,2300.31,99,7,Yes
2023-03-27,South,Accessories,Charger Pro,17,662.35,11259.95,7055.26,91,9,No
2023-07-19,East,Laptops,Ultrabook X,13,276.75,3597.75,2846.78,19,6,No
2023-10-05,West,Mobile Devices,Smartphone B,15,1262.91,18943.65,13547.55,8,5,No
2023-07-03,West,Mobile Devices,Smartphone A,10,515.08,5150.8,3130.96,93,6,No
2023-02-05,East,Home Appliances,Microwave X,13,1052.55,13683.15,12025.92,50,5,Yes
2023-09-21,West,Mobile Devices,Smartphone B,19,403.76,7671.44,5591.69,68,5,Yes
2023-09-15,West,Home Appliances,Blender Z,17,664.07,11289.19,9948.1,99,6,No
2023-04-24,South,Mobile Devices,Smartphone B,4,93.77,375.08,326.76,34,1,Yes
2023-03-29,West,Mobile Devices,Smartphone C,4,1152.96,4611.84,2986.96,59,9,Yes
2023-12-19,West,Mobile Devices,Smartphone B,4,39.84,159.36,109.13,29,6,Yes
2023-08-28,North,Accessories,Charger Pro,7,385.53,2698.71,2352.94,9,6,Yes
2023-04-04,East,Laptops,Ultrabook X,10,1270.29,12702.9,8643.58,72,4,Yes
2023-03-08,East,Mobile Devices,Smartphone C,11,112.73,1240.03,1081.22,56,5,Yes
2023-03-02,South,Mobile Devices,Smartphone C,4,486.48,1945.92,1618.14,69,2,Yes
2023-10-05,West,Home Appliances,Microwave X,11,1445.82,15904.02,12215.09,70,5,Yes
2023-03-15,North,Accessories,Charger Pro,10,1245.25,12452.5,10414.2,13,9,Yes
2023-07-13,North,Mobile Devices,Smartphone A,5,1472.32,7361.6,4983.5,2,7,No
2023-07-17,West,Laptops,Gaming Beast,5,856.69,4283.45,3166.24,88,5,Yes
2023-04-24,East,Accessories,Keyboard Combo,12,537.27,6447.24,4089.02,49,5,No
2023-02-03,North,Accessories,Keyboard Combo,4,638.63,2554.52,1600.8,85,7,Yes
2023-03-05,South,Home Appliances,Air Conditioner Q,1,794.62,794.62,504.13,97,9,No
2023-08-19,South,Accessories,Keyboard Combo,7,1067.6,7473.2,5702.51,69,6,No
2023-02-16,West,Accessories,Keyboard Combo,2,737.35,1474.7,958.16,1,6,No
2023-09-12,North,Accessories,Keyboard Combo,16,339.81,5436.96,3421.31,15,3,Yes
2023-04-01,North,Laptops,Gaming Beast,7,827.24,5790.68,3582.59,39,6,No
2023-09-03,South,Home Appliances,Blender Z,10,1467.53,14675.3,12300.79,48,7,Yes
2023-07-15,East,Mobile Devices,Smartphone A,4,1139.99,4559.96,3446.49,84,6,No
2023-03-07,North,Laptops,Notebook Lite,14,373.42,5227.88,3844.44,57,1,No
2023-04-27,West,Accessories,Charger Pro,2,116.5,233.0,172.23,71,1,Yes
2023-04-12,East,Home Appliances,Blender Z,10,756.76,7567.6,4780.01,51,7,No
2023-03-16,East,Mobile Devices,Smartphone C,18,158.24,2848.32,2085.89,10,8,Yes
2023-10-25,North,Home Appliances,Air Conditioner Q,12,794.53,9534.36,6541.92,91,9,No
2023-08-23,West,Home Appliances,Blender Z,4,429.13,1716.52,1190.76,8,8,No
2023-04-10,South,Laptops,Gaming Beast,18,253.77,4567.86,3694.35,11,2,Yes
2023-12-25,East,Home Appliances,Microwave X,7,927.94,6495.58,4604.91,26,2,Yes
2023-04-06,West,Mobile Devices,Smartphone A,11,1475.61,16231.71,10424.22,0,7,No
2023-05-20,East,Laptops,Ultrabook X,8,1343.1,10744.8,8555.95,3,6,Yes
2023-02-01,East,Laptops,Ultrabook X,14,143.53,2009.42,1737.6,11,7,No
2023-01-22,East,Accessories,Charger Pro,16,1482.86,23725.76,17690.11,20,2,No
2023-08-15,West,Laptops,Ultrabook X,4,1495.68,5982.72,5348.16,58,7,No
2023-08-08,West,Mobile Devices,Smartphone B,5,848.44,4242.2,3216.52,24,4,Yes
2023-11-19,North,Mobile Devices,Smartphone B,2,330.43,660.86,471.66,98,9,No
2023-12-24,West,Laptops,Notebook Lite,6,820.37,4922.22,4002.12,43,9,Yes
2023-09-17,West,Home Appliances,Blender Z,11,1353.92,14893.12,11847.48,72,5,Yes
2023-08-09,South,Home Appliances,Air Conditioner Q,2,1232.5,2465.0,2129.63,29,5,No
2023-07-02,West,Home Appliances,Microwave X,1,375.01,375.01,240.98,40,3,No
2023-03-25,East,Home Appliances,Air Conditioner Q,15,303.07,4546.05,3564.71,22,6,Yes
2023-10-15,South,Home Appliances,Air Conditioner Q,17,1265.34,21510.78,15947.79,14,3,Yes
2023-08-18,North,Mobile Devices,Smartphone A,1,206.87,206.87,166.09,65,3,No
2023-10-15,North,Mobile Devices,Smartphone B,8,25.65,205.2,165.08,69,9,Yes
2023-09-20,East,Laptops,Ultrabook X,1,1258.82,1258.82,860.76,62,3,No
2023-02-07,South,Home Appliances,Blender Z,4,1302.25,5209.0,3462.21,14,5,Yes
2023-10-14,South,Home Appliances,Microwave X,3,1149.47,3448.41,2491.45,13,4,No
2023-07-15,South,Accessories,Charger Pro,12,364.49,4373.88,3683.76,76,2,Yes
2023-02-21,North,Accessories,Charger Pro,19,1362.65,25890.35,20743.86,22,2,No
2023-11-28,North,Laptops,Ultrabook X,14,701.33,9818.62,8437.82,71,3,No
2023-11-03,South,Accessories,Charger Pro,19,1465.66,27847.54,17633.51,83,1,No
2023-12-27,West,Mobile Devices,Smartphone A,8,1115.06,8920.48,7809.19,86,6,Yes
2023-10-13,South,Home Appliances,Microwave X,16,1067.38,17078.08,15230.79,2,3,Yes
2023-04-04,South,Mobile Devices,Smartphone C,9,1262.4,11361.6,10163.4,77,9,Yes
2023-09-25,East,Mobile Devices,Smartphone B,19,1311.68,24921.92,15794.87,37,5,Yes
2023-07-06,East,Home Appliances,Microwave X,4,162.87,651.48,438.16,63,1,No
2023-07-18,North,Accessories,Charger Pro,14,905.57,12677.98,8737.3,58,9,No
2023-10-26,West,Accessories,Keyboard Combo,4,115.45,461.8,398.61,1,9,Yes
2023-03-31,South,Accessories,Keyboard Combo,14,523.8,7333.2,6575.74,54,1,Yes
2023-12-12,West,Mobile Devices,Smartphone B,16,71.31,1140.96,884.06,63,2,No
2023-07-13,South,Mobile Devices,Smartphone B,5,393.41,1967.05,1310.19,43,1,No
2023-06-26,North,Laptops,Gaming Beast,9,1366.25,12296.25,9846.35,80,2,Yes
2023-05-17,South,Accessories,Keyboard Combo,1,57.21,57.21,46.24,39,6,No
2023-01-10,South,Home Appliances,Microwave X,12,707.36,8488.32,5443.2,18,4,Yes
2023-06-29,North,Mobile Devices,Smartphone B,8,1423.2,11385.6,8352.18,28,3,No
2023-04-30,West,Mobile Devices,Smartphone C,4,1021.11,4084.44,2612.03,3,6,Yes
2023-06-07,South,Accessories,Keyboard Combo,12,741.75,8901.0,7082.23,65,8,No
2023-08-02,North,Laptops,Ultrabook X,2,719.89,1439.78,1288.82,71,7,No
2023-05-29,South,Laptops,Ultrabook X,6,124.98,749.88,507.16,16,6,Yes
2023-09-22,West,Laptops,Notebook Lite,8,373.51,2988.08,2213.85,56,1,No
2023-02-22,South,Laptops,Ultrabook X,3,310.22,930.66,728.92,83,8,Yes
2023-09-07,West,Laptops,Ultrabook X,17,784.53,13337.01,8024.24,45,1,No
2023-09-14,South,Laptops,Ultrabook X,8,74.35,594.8,376.16,89,7,Yes
2023-10-27,North,Accessories,Wireless Mouse,17,343.39,5837.63,4197.48,53,9,No
2023-05-13,North,Laptops,Gaming Beast,9,1228.69,11058.21,7578.95,16,8,No
2023-10-31,North,Accessories,Wireless Mouse,19,1322.2,25121.8,19404.93,38,3,Yes
2023-05-23,West,Laptops,Ultrabook X,11,214.6,2360.6,1610.92,0,8,No
2023-08-02,South,Home Appliances,Microwave X,12,1100.19,13202.28,11415.72,60,5,No
2023-12-25,East,Accessories,Charger Pro,13,919.7,11956.1,8283.33,44,7,No
2023-11-16,North,Mobile Devices,Smartphone B,5,22.32,111.6,88.27,86,7,No
2023-04-12,West,Accessories,Charger Pro,17,913.62,15531.54,12518.06,65,4,No
2023-09-11,North,Home Appliances,Blender Z,1,695.23,695.23,494.11,18,8,Yes
2023-07-30,South,Laptops,Gaming Beast,17,125.09,2126.53,1327.07,14,9,No
2023-05-18,North,Accessories,Keyboard Combo,7,630.76,4415.32,3505.01,73,2,Yes
2023-07-21,East,Home Appliances,Air Conditioner Q,19,898.62,17073.78,10296.16,81,3,Yes
2023-11-17,East,Accessories,Wireless Mouse,9,926.61,8339.49,7189.55,83,6,No
2023-02-20,West,Home Appliances,Air Conditioner Q,2,804.39,1608.78,1365.38,93,8,No
2023-05-02,East,Home Appliances,Microwave X,2,37.33,74.66,54.25,34,1,Yes
2023-05-28,East,Home Appliances,Blender Z,13,611.07,7943.91,6935.35,61,1,Yes
2023-05-09,South,Laptops,Ultrabook X,6,1271.49,7628.94,6162.26,17,4,No
2023-02-06,East,Home Appliances,Microwave X,3,134.87,404.61,308.62,29,2,Yes
2023-05-10,South,Accessories,Keyboard Combo,3,686.18,2058.54,1592.86,40,7,Yes
2023-10-19,North,Mobile Devices,Smartphone A,8,1336.69,10693.52,6455.6,56,6,Yes
2023-01-17,West,Home Appliances,Air Conditioner Q,4,601.6,2406.4,1823.43,33,8,No
2023-04-10,West,Accessories,Charger Pro,5,975.7,4878.5,2992.64,64,1,Yes
2023-03-30,West,Laptops,Notebook Lite,15,248.6,3729.0,2265.87,59,2,No
2023-01-16,South,Home Appliances,Microwave X,3,524.09,1572.27,977.19,10,1,Yes
2023-10-19,West,Mobile Devices,Smartphone B,17,1022.14,17376.38,13583.7,33,4,No
2023-10-31,South,Home Appliances,Air Conditioner Q,12,848.34,10180.08,6429.51,49,5,Yes
2023-11-11,West,Laptops,Gaming Beast,3,1446.75,4340.25,3104.42,26,6,Yes
2023-02-23,West,Home Appliances,Microwave X,11,594.22,6536.42,4235.65,49,6,Yes
2023-11-20,West,Mobile Devices,Smartphone C,15,742.02,11130.3,7112.42,36,5,Yes
2023-10-29,South,Laptops,Notebook Lite,3,1334.84,4004.52,3127.06,72,1,No
2023-01-28,West,Mobile Devices,Smartphone A,13,918.18,11936.34,7704.61,16,6,No
2023-09-15,North,Home Appliances,Blender Z,4,1470.56,5882.24,4372.64,12,2,No
2023-01-18,South,Mobile Devices,Smartphone B,13,1147.61,14918.93,12682.51,50,3,No
2023-12-21,West,Laptops,Notebook Lite,10,1243.69,12436.9,10107.52,84,5,No
2023-05-23,North,Accessories,Wireless Mouse,12,1249.42,14993.04,11446.41,0,8,Yes
2023-09-17,South,Accessories,Charger Pro,3,242.77,728.31,615.44,99,3,No
2023-01-30,East,Home Appliances,Microwave X,17,1107.18,18822.06,12989.98,85,9,Yes
2023-07-28,East,Laptops,Ultrabook X,19,317.94,6040.86,4340.61,27,5,Yes
2023-03-05,East,Laptops,Notebook Lite,17,1072.11,18225.87,15894.47,63,5,No
2023-03-27,West,Accessories,Charger Pro,2,1088.77,2177.54,1654.97,11,6,No
2023-12-19,West,Mobile Devices,Smartphone A,11,833.0,9163.0,5656.52,55,4,No
2023-08-07,North,Mobile Devices,Smartphone B,9,1318.09,11862.81,10477.38,16,3,Yes
2023-04-18,North,Accessories,Keyboard Combo,19,779.1,14802.9,9297.73,51,6,Yes
2023-02-03,South,Mobile Devices,Smartphone A,4,442.96,1771.84,1171.13,87,7,Yes
2023-12-19,East,Home Appliances,Air Conditioner Q,15,916.52,13747.8,12037.85,80,3,No
2023-11-24,North,Laptops,Gaming Beast,14,694.85,9727.9,7130.91,46,4,No
2023-02-24,North,Mobile Devices,Smartphone C,7,1434.95,10044.65,6630.9,72,8,Yes
2023-04-09,North,Home Appliances,Blender Z,13,669.94,8709.22,7438.46,95,8,No
2023-03-17,South,Laptops,Notebook Lite,19,481.61,9150.59,6193.25,68,7,Yes
2023-11-26,East,Accessories,Wireless Mouse,16,1148.64,18378.24,16150.38,85,3,No
2023-04-27,North,Accessories,Keyboard Combo,10,218.96,2189.6,1510.43,79,2,Yes
2023-12-08,South,Laptops,Ultrabook X,9,432.56,3893.04,2581.91,56,3,No
2023-01-09,West,Mobile Devices,Smartphone C,19,316.96,6022.24,5410.35,70,7,No
2023-06-24,North,Home Appliances,Air Conditioner Q,3,1112.05,3336.15,2836.54,0,5,Yes
2023-09-24,South,Mobile Devices,Smartphone C,13,1135.07,14755.91,12257.39,72,1,No
2023-07-15,East,Mobile Devices,Smartphone A,4,1056.05,4224.2,2666.83,22,9,Yes
2023-10-20,North,Laptops,Notebook Lite,2,134.92,269.84,194.9,29,6,No
2023-10-13,South,Home Appliances,Microwave X,11,536.25,5898.75,3735.68,59,2,No
2023-07-25,East,Mobile Devices,Smartphone C,13,1433.57,18636.41,14103.53,15,2,Yes
2023-09-03,West,Laptops,Ultrabook X,8,187.14,1497.12,1276.48,15,6,No
2023-01-02,North,Laptops,Ultrabook X,2,127.89,255.78,184.38,30,2,No
2023-10-05,West,Accessories,Charger Pro,7,613.93,4297.51,2955.63,54,6,No
2023-05-10,West,Accessories,Charger Pro,7,725.13,5075.91,3389.74,29,5,Yes
2023-09-16,West,Laptops,Gaming Beast,13,913.17,11871.21,8397.03,56,9,No
2023-03-27,North,Home Appliances,Blender Z,17,1085.29,18449.93,15868.42,73,4,Yes
2023-03-18,North,Mobile Devices,Smartphone A,8,840.89,6727.12,5322.01,13,2,Yes
2023-09-23,East,Accessories,Keyboard Combo,14,1237.35,17322.9,14571.81,21,4,Yes
2023-09-04,South,Mobile Devices,Smartphone C,13,1376.85,17899.05,14609.14,11,7,No
2023-02-22,East,Mobile Devices,Smartphone C,14,1325.35,18554.9,15718.48,74,9,Yes
2023-10-28,West,Accessories,Keyboard Combo,12,615.62,7387.44,4660.18,92,2,Yes
2023-05-06,North,Home Appliances,Air Conditioner Q,6,1345.68,8074.08,6257.25,7,9,Yes
2023-09-13,East,Accessories,Keyboard Combo,6,385.3,2311.8,1900.93,28,9,Yes
2023-01-03,West,Accessories,Wireless Mouse,1,212.3,212.3,163.36,33,4,Yes
2023-04-23,East,Home Appliances,Air Conditioner Q,4,1362.66,5450.64,4812.34,82,1,Yes
2023-10-10,West,Accessories,Wireless Mouse,6,578.43,3470.58,3086.12,36,1,Yes
2023-12-03,North,Home Appliances,Air Conditioner Q,1,1396.65,1396.65,1191.73,54,7,No
2023-11-18,North,Home Appliances,Microwave X,11,1006.25,11068.75,9849.13,10,1,Yes
2023-11-05,East,Home Appliances,Microwave X,4,1059.76,4239.04,2922.46,20,4,Yes
2023-07-13,East,Mobile Devices,Smartphone A,19,958.82,18217.58,16392.9,16,5,Yes
2023-10-09,South,Mobile Devices,Smartphone A,16,589.98,9439.68,8115.73,98,2,No
2023-04-05,North,Laptops,Ultrabook X,14,1160.76,16250.64,9764.43,70,9,No
2023-06-26,West,Accessories,Keyboard Combo,13,636.43,8273.59,7004.87,30,2,Yes
2023-05-04,North,Laptops,Notebook Lite,16,569.32,9109.12,7842.31,53,8,No
2023-05-09,South,Laptops,Ultrabook X,1,1198.44,1198.44,990.16,33,9,No
2023-03-29,South,Accessories,Wireless Mouse,8,984.43,7875.44,6470.3,27,6,Yes
2023-10-13,North,Accessories,Charger Pro,12,97.25,1167.0,939.04,53,6,No
2023-01-26,South,Laptops,Notebook Lite,1,1337.52,1337.52,917.84,98,9,Yes
2023-07-17,South,Laptops,Ultrabook X,17,185.04,3145.68,2374.23,43,5,No
2023-04-14,East,Laptops,Ultrabook X,10,41.75,417.5,297.98,23,2,Yes
2023-02-15,West,Home Appliances,Blender Z,17,204.07,3469.19,2512.02,24,3,Yes
2023-11-02,South,Home Appliances,Air Conditioner Q,15,508.76,7631.4,6653.21,23,9,No
2023-04-18,North,Home Appliances,Blender Z,4,81.65,326.6,234.92,64,4,Yes
2023-05-16,North,Mobile Devices,Smartphone C,16,1163.92,18622.72,14086.02,57,6,No
2023-04-04,West,Mobile Devices,Smartphone C,10,1159.83,11598.3,9767.47,33,5,Yes
2023-07-18,West,Mobile Devices,Smartphone A,6,664.55,3987.3,2789.63,24,1,Yes
2023-11-24,West,Mobile Devices,Smartphone C,7,535.18,3746.26,2665.55,15,5,No
2023-06-14,East,Home Appliances,Blender Z,4,831.61,3326.44,2873.3,50,9,No
2023-10-26,North,Mobile Devices,Smartphone B,11,1248.05,13728.55,10733.58,71,6,No
2023-01-11,East,Laptops,Notebook Lite,4,1351.19,5404.76,4394.29,28,2,No
2023-08-20,West,Laptops,Notebook Lite,2,736.43,1472.86,1213.98,86,4,Yes
2023-11-09,South,Laptops,Ultrabook X,8,1415.23,11321.84,9460.04,95,4,Yes
2023-01-21,North,Home Appliances,Microwave X,18,973.99,17531.82,13471.24,21,9,Yes
2023-01-21,East,Mobile Devices,Smartphone C,17,353.56,6010.52,3959.43,56,9,No
2023-06-24,North,Mobile Devices,Smartphone B,10,486.42,4864.2,3321.62,76,5,Yes
2023-06-08,East,Mobile Devices,Smartphone A,8,961.21,7689.68,5509.27,27,1,No
2023-08-02,West,Accessories,Keyboard Combo,17,1422.14,24176.38,16952.53,53,9,No
2023-11-27,North,Home Appliances,Microwave X,15,109.73,1645.95,1328.28,25,1,Yes
2023-06-01,South,Home Appliances,Air Conditioner Q,18,31.61,568.98,449.08,74,8,No
2023-08-02,North,Mobile Devices,Smartphone A,1,1437.74,1437.74,1091.1,14,5,Yes
2023-02-07,South,Accessories,Wireless Mouse,14,132.83,1859.62,1269.03,85,2,No
2023-10-26,South,Laptops,Ultrabook X,14,828.93,11605.02,8469.86,93,3,No
2023-10-19,East,Laptops,Notebook Lite,6,679.4,4076.4,2701.66,32,1,No
2023-06-14,West,Accessories,Charger Pro,16,1492.57,23881.12,18105.94,94,6,No
2023-12-15,West,Home Appliances,Microwave X,9,311.45,2803.05,2481.9,47,8,No
2023-07-08,West,Home Appliances,Air Conditioner Q,12,404.12,4849.44,3545.42,18,7,No
2023-07-11,East,Home Appliances,Air Conditioner Q,6,941.07,5646.42,5049.89,3,3,Yes
2023-12-25,South,Mobile Devices,Smartphone B,2,1053.5,2107.0,1514.01,79,2,Yes
2023-02-06,East,Laptops,Notebook Lite,2,1140.82,2281.64,1479.65,7,4,No
2023-06-22,West,Home Appliances,Microwave X,15,363.42,5451.3,4020.17,80,4,No
2023-04-28,North,Laptops,Ultrabook X,18,1162.01,20916.18,15680.21,8,5,Yes
2023-09-17,North,Accessories,Wireless Mouse,10,1180.94,11809.4,8421.23,27,5,Yes
2023-02-19,South,Mobile Devices,Smartphone C,10,496.07,4960.7,4238.48,71,6,No
2023-08-14,North,Accessories,Charger Pro,5,383.8,1919.0,1383.27,12,4,No
2023-09-06,North,Laptops,Gaming Beast,9,247.63,2228.67,1999.17,33,3,Yes
2023-03-28,North,Laptops,Notebook Lite,1,86.47,86.47,71.62,66,4,Yes
2023-05-10,West,Accessories,Wireless Mouse,3,105.4,316.2,231.87,89,1,No
2023-01-21,East,Accessories,Wireless Mouse,18,1488.81,26798.58,19185.02,52,2,No
2023-04-25,East,Accessories,Keyboard Combo,4,1273.96,5095.84,4436.8,25,4,Yes
2023-04-26,East,Laptops,Gaming Beast,10,1262.93,12629.3,10425.89,4,1,No
2023-06-16,North,Accessories,Wireless Mouse,17,239.3,4068.1,3270.2,40,4,No
2023-06-13,West,Mobile Devices,Smartphone A,5,1084.36,5421.8,4169.35,20,3,No
2023-06-24,West,Home Appliances,Air Conditioner Q,12,1142.99,13715.88,9391.93,59,7,Yes
2023-01-19,East,Accessories,Keyboard Combo,15,1357.56,20363.4,17385.35,4,5,Yes
2023-08-31,East,Home Appliances,Blender Z,14,1174.94,16449.16,12220.09,14,2,Yes
2023-03-07,East,Laptops,Notebook Lite,13,894.87,11633.31,7629.6,18,7,Yes
2023-05-10,East,Laptops,Ultrabook X,14,326.47,4570.58,2839.92,67,3,Yes
2023-06-16,West,Laptops,Gaming Beast,5,700.8,3504.0,2202.32,26,8,Yes
2023-06-09,North,Accessories,Keyboard Combo,4,1046.55,4186.2,3480.14,3,3,No
2023-06-23,East,Laptops,Gaming Beast,2,1316.31,2632.62,2005.34,22,5,No
2023-08-10,West,Mobile Devices,Smartphone C,9,20.02,180.18,130.63,53,6,Yes
2023-10-23,South,Accessories,Keyboard Combo,5,1090.23,5451.15,3598.68,37,5,No
2023-08-15,North,Home Appliances,Blender Z,3,1326.45,3979.35,2449.57,67,6,No
2023-02-08,East,Accessories,Charger Pro,19,1001.31,19024.89,15649.28,68,7,No
2023-05-21,South,Laptops,Notebook Lite,18,1346.14,24230.52,20484.68,26,3,Yes
2023-08-04,South,Mobile Devices,Smartphone C,14,205.53,2877.42,2017.33,46,6,No
2023-01-30,North,Laptops,Notebook Lite,4,1477.59,5910.36,4883.58,84,6,No
2023-12-05,East,Laptops,Notebook Lite,8,998.3,7986.4,4979.81,30,2,Yes
2023-04-18,South,Mobile Devices,Smartphone C,9,417.89,3761.01,2965.67,85,9,No
2023-04-19,West,Accessories,Charger Pro,17,910.3,15475.1,10661.85,24,5,Yes
2023-07-15,West,Accessories,Charger Pro,5,171.72,858.6,647.52,88,3,No
2023-03-28,South,Mobile Devices,Smartphone B,4,1459.18,5836.72,4287.91,65,8,Yes
2023-10-16,North,Accessories,Charger Pro,15,1077.2,16158.0,11932.92,0,7,No
2023-12-23,North,Mobile Devices,Smartphone A,7,1278.7,8950.9,6295.9,33,9,Yes
2023-02-01,South,Mobile Devices,Smartphone A,9,531.11,4779.99,3349.26,51,5,No
2023-11-21,East,Laptops,Ultrabook X,3,195.93,587.79,487.52,46,7,No
2023-10-12,North,Accessories,Charger Pro,1,481.74,481.74,358.78,99,4,Yes
2023-08-22,West,Laptops,Gaming Beast,18,43.77,787.86,657.59,34,8,Yes
2023-06-17,East,Laptops,Gaming Beast,14,1061.48,14860.72,13242.05,60,7,Yes
2023-04-29,West,Mobile Devices,Smartphone A,4,847.29,3389.16,2542.98,5,9,No
2023-06-15,West,Accessories,Charger Pro,1,1451.21,1451.21,893.22,64,5,Yes
2023-11-05,West,Home Appliances,Blender Z,16,1296.71,20747.36,13564.14,63,3,No
2023-04-24,West,Mobile Devices,Smartphone C,19,606.9,11531.1,7374.31,73,9,Yes
2023-05-05,South,Mobile Devices,Smartphone A,4,945.04,3780.16,2627.08,21,3,No
2023-08-27,North,Laptops,Ultrabook X,5,124.92,624.6,433.38,66,2,Yes
2023-05-24,West,Mobile Devices,Smartphone C,16,1473.22,23571.52,18583.74,79,8,Yes
2023-04-17,East,Accessories,Keyboard Combo,1,832.31,832.31,571.21,74,5,No
2023-08-22,West,Mobile Devices,Smartphone B,12,939.51,11274.12,7894.31,56,5,No
2023-03-22,North,Mobile Devices,Smartphone C,1,442.92,442.92,323.26,18,6,Yes
2023-09-29,South,Laptops,Gaming Beast,5,126.72,633.6,419.2,38,4,Yes
2023-04-01,North,Mobile Devices,Smartphone C,1,969.77,969.77,777.22,78,7,Yes
2023-05-01,East,Mobile Devices,Smartphone C,14,1175.87,16462.18,13755.48,92,8,Yes
2023-04-02,South,Mobile Devices,Smartphone C,18,1413.08,25435.44,22241.24,7,1,Yes
2023-11-05,South,Accessories,Charger Pro,2,1456.6,2913.2,1846.94,61,9,No
2023-02-14,West,Mobile Devices,Smartphone A,5,300.93,1504.65,1165.58,48,1,Yes
2023-07-05,East,Home Appliances,Air Conditioner Q,12,129.58,1554.96,1215.43,97,9,Yes
2023-01-31,East,Mobile Devices,Smartphone A,3,417.43,1252.29,859.37,73,6,Yes
2023-11-21,South,Mobile Devices,Smartphone A,11,901.13,9912.43,6459.27,19,9,No
2023-09-09,South,Accessories,Charger Pro,12,697.87,8374.44,5256.04,65,5,No
2023-07-11,West,Laptops,Gaming Beast,2,1061.61,2123.22,1511.69,26,9,Yes
2023-11-16,South,Accessories,Wireless Mouse,1,1014.64,1014.64,786.41,58,4,No
2023-08-28,West,Laptops,Gaming Beast,2,1301.82,2603.64,2301.67,25,9,No
2023-06-04,South,Home Appliances,Microwave X,10,926.14,9261.4,6148.88,50,5,No
2023-03-08,West,Home Appliances,Blender Z,4,1057.69,4230.76,3401.67,27,1,Yes
2023-08-31,West,Home Appliances,Air Conditioner Q,17,590.71,10042.07,8845.86,8,4,No
2023-09-25,South,Accessories,Charger Pro,19,1437.22,27307.18,19653.27,45,6,Yes
2023-07-08,West,Laptops,Gaming Beast,16,1004.19,16067.04,12040.83,26,6,No
2023-09-01,West,Mobile Devices,Smartphone B,18,157.09,2827.62,2331.42,24,4,No
2023-11-24,South,Home Appliances,Blender Z,9,668.81,6019.29,5410.61,91,1,Yes
2023-08-05,North,Laptops,Notebook Lite,11,963.78,10601.58,7130.69,83,8,Yes
2023-12-28,South,Mobile Devices,Smartphone B,7,314.92,2204.44,1902.96,95,4,Yes
2023-03-31,East,Laptops,Notebook Lite,15,63.67,955.05,675.02,68,2,Yes
2023-09-26,East,Laptops,Gaming Beast,8,545.19,4361.52,3172.71,61,1,No
2023-06-17,South,Laptops,Gaming Beast,11,900.31,9903.41,7047.86,9,2,Yes
2023-01-29,North,Mobile Devices,Smartphone C,6,587.26,3523.56,2635.8,62,8,Yes
2023-10-26,South,Mobile Devices,Smartphone A,14,608.22,8515.08,6421.08,90,8,No
2023-11-01,East,Accessories,Keyboard Combo,19,1160.7,22053.3,16060.29,5,9,Yes
2023-04-18,South,Home Appliances,Blender Z,7,417.9,2925.3,2078.53,53,5,No
2023-11-29,North,Accessories,Charger Pro,9,71.81,646.29,540.44,1,6,No
2023-04-30,North,Laptops,Gaming Beast,8,674.97,5399.76,4291.71,36,2,No
2023-04-01,West,Laptops,Notebook Lite,2,760.12,1520.24,1270.21,57,9,No
2023-12-13,East,Accessories,Charger Pro,13,465.55,6052.15,4543.89,60,6,Yes
2023-10-03,East,Home Appliances,Air Conditioner Q,4,330.84,1323.36,905.59,2,6,No
2023-09-19,East,Laptops,Gaming Beast,18,624.99,11249.82,9868.43,84,5,Yes
2023-03-30,East,Mobile Devices,Smartphone A,17,294.76,5010.92,4005.06,70,3,No
2023-07-25,North,Laptops,Notebook Lite,13,1243.2,16161.6,11860.36,67,5,Yes
2023-06-26,East,Laptops,Ultrabook X,1,478.51,478.51,322.99,55,7,Yes
2023-10-25,South,Home Appliances,Microwave X,13,475.54,6182.02,5403.93,95,5,Yes
2023-08-27,North,Mobile Devices,Smartphone B,4,955.68,3822.72,2721.99,57,7,Yes
2023-08-04,West,Accessories,Wireless Mouse,16,1316.95,21071.2,13291.09,8,6,No
2023-12-01,South,Home Appliances,Air Conditioner Q,19,1246.73,23687.87,16692.06,40,6,Yes
2023-05-23,West,Laptops,Notebook Lite,5,1021.87,5109.35,4349.96,86,3,Yes
2023-08-02,South,Home Appliances,Air Conditioner Q,9,257.34,2316.06,1857.7,12,4,Yes
2023-09-19,West,Mobile Devices,Smartphone C,15,744.28,11164.2,8137.39,84,2,Yes
2023-05-22,East,Home Appliances,Blender Z,5,1103.95,5519.75,4164.54,21,6,No
2023-12-16,East,Laptops,Gaming Beast,1,530.94,530.94,384.54,31,3,No
2023-04-27,West,Laptops,Ultrabook X,14,199.81,2797.34,2210.99,35,2,Yes
2023-10-22,East,Accessories,Wireless Mouse,9,333.6,3002.4,2081.57,38,7,No
2023-07-31,North,Home Appliances,Blender Z,15,598.73,8980.95,6019.58,14,8,Yes
2023-10-05,East,Accessories,Keyboard Combo,8,1479.65,11837.2,8575.11,32,1,No
2023-01-02,West,Mobile Devices,Smartphone B,19,1024.89,19472.91,14089.81,64,2,Yes
2023-12-14,South,Laptops,Notebook Lite,2,629.7,1259.4,1084.54,33,1,Yes
2023-02-21,East,Mobile Devices,Smartphone B,7,231.41,1619.87,1308.24,70,5,Yes
2023-03-08,North,Laptops,Ultrabook X,17,1024.77,17421.09,14492.54,52,1,No
2023-10-05,West,Home Appliances,Microwave X,17,924.78,15721.26,13476.15,2,5,Yes
2023-06-30,South,Accessories,Keyboard Combo,11,1039.17,11430.87,7727.06,24,6,No
2023-10-01,North,Mobile Devices,Smartphone B,9,812.77,7314.93,6223.8,85,9,Yes
2023-12-30,West,Mobile Devices,Smartphone A,19,208.53,3962.07,2716.6,70,3,No
2023-04-21,South,Mobile Devices,Smartphone A,19,1285.36,24421.84,21119.22,2,5,No
2023-10-04,West,Laptops,Gaming Beast,14,593.98,8315.72,6994.03,50,2,Yes
2023-04-13,South,Home Appliances,Microwave X,8,1318.48,10547.84,7560.92,56,8,Yes
2023-08-04,West,Laptops,Notebook Lite,4,1274.93,5099.72,3894.53,48,2,No
2023-09-19,North,Accessories,Keyboard Combo,2,779.78,1559.56,1398.56,19,3,Yes
2023-05-07,West,Accessories,Charger Pro,19,123.61,2348.59,1922.96,39,7,Yes
2023-04-27,South,Mobile Devices,Smartphone B,4,707.07,2828.28,2310.2,94,2,No
2023-11-04,South,Accessories,Wireless Mouse,17,572.4,9730.8,7683.41,97,8,No
2023-04-28,East,Accessories,Wireless Mouse,15,92.01,1380.15,1068.66,72,5,Yes
2023-05-05,East,Laptops,Notebook Lite,16,1132.59,18121.44,15238.33,57,4,No
2023-06-28,South,Mobile Devices,Smartphone A,17,41.65,708.05,468.85,43,7,Yes
2023-09-17,South,Laptops,Notebook Lite,9,533.5,4801.5,3443.76,57,1,Yes
2023-05-22,East,Mobile Devices,Smartphone C,16,1142.9,18286.4,14247.79,63,4,Yes
2023-11-29,North,Accessories,Wireless Mouse,10,876.63,8766.3,6922.9,41,6,No
2023-07-07,South,Laptops,Ultrabook X,16,319.34,5109.44,3546.71,39,2,Yes
2023-01-01,North,Laptops,Ultrabook X,12,1092.03,13104.36,10794.4,79,1,Yes
2023-11-20,East,Home Appliances,Microwave X,2,217.8,435.6,319.36,22,2,No
2023-08-19,West,Accessories,Wireless Mouse,17,422.48,7182.16,5801.09,66,6,No
2023-09-15,East,Laptops,Notebook Lite,3,961.83,2885.49,2012.21,44,5,No
2023-07-15,North,Home Appliances,Blender Z,14,343.7,4811.8,3746.42,21,7,No
2023-07-12,North,Accessories,Wireless Mouse,15,1236.04,18540.6,13691.43,69,8,No
2023-08-01,East,Home Appliances,Microwave X,5,1126.8,5634.0,3634.96,7,1,No
2023-03-23,South,Mobile Devices,Smartphone C,5,404.17,2020.85,1232.93,20,3,No
2023-01-07,South,Accessories,Keyboard Combo,15,844.86,12672.9,7751.93,49,6,No
2023-08-10,West,Mobile Devices,Smartphone C,14,1334.41,18681.74,13032.14,28,7,Yes
2023-09-28,South,Laptops,Notebook Lite,8,1006.82,8054.56,5060.67,7,1,Yes
2023-06-14,South,Laptops,Notebook Lite,6,160.48,962.88,866.27,42,3,Yes
2023-04-13,North,Mobile Devices,Smartphone B,13,709.42,9222.46,7113.73,15,1,No
2023-11-20,South,Accessories,Wireless Mouse,3,53.19,159.57,113.0,53,5,Yes
2023-05-03,North,Laptops,Notebook Lite,3,43.3,129.9,78.61,23,2,No
2023-04-14,West,Mobile Devices,Smartphone A,17,1148.21,19519.57,11939.76,78,3,Yes
2023-06-22,North,Home Appliances,Microwave X,3,944.43,2833.29,2434.73,9,3,Yes
2023-04-04,East,Mobile Devices,Smartphone B,4,1486.21,5944.84,4916.5,42,2,Yes
2023-05-14,West,Home Appliances,Microwave X,10,224.88,2248.8,1739.79,47,3,No
2023-04-01,North,Laptops,Notebook Lite,11,1395.13,15346.43,10781.97,68,5,No
2023-04-16,North,Laptops,Gaming Beast,19,675.73,12838.87,9606.61,41,4,No
2023-09-29,West,Laptops,Gaming Beast,6,897.87,5387.22,3318.55,10,2,No
2023-09-08,West,Home Appliances,Air Conditioner Q,18,182.89,3292.02,2888.79,43,5,Yes
2023-09-03,South,Laptops,Gaming Beast,9,973.5,8761.5,7817.66,53,6,No
2023-08-22,South,Home Appliances,Microwave X,19,1126.74,21408.06,18048.66,64,8,Yes
2023-05-25,North,Mobile Devices,Smartphone B,12,82.67,992.04,767.76,80,2,Yes
2023-09-07,West,Laptops,Ultrabook X,18,1173.07,21115.26,16531.33,42,8,Yes
2023-12-08,North,Mobile Devices,Smartphone A,6,813.18,4879.08,3642.47,93,2,Yes
2023-04-05,West,Laptops,Ultrabook X,5,1254.01,6270.05,4970.73,53,8,No
2023-06-07,North,Accessories,Wireless Mouse,12,545.29,6543.48,4028.15,7,8,Yes
2023-08-23,West,Accessories,Keyboard Combo,17,918.13,15608.21,13490.05,15,7,No
2023-06-02,East,Accessories,Keyboard Combo,16,1297.24,20755.84,17970.99,47,5,Yes
2023-06-19,West,Laptops,Ultrabook X,9,1495.91,13463.19,8199.19,80,7,Yes
2023-02-05,East,Accessories,Wireless Mouse,8,1412.34,11298.72,9409.27,19,7,Yes
2023-12-26,East,Accessories,Keyboard Combo,12,1229.12,14749.44,12622.04,93,3,Yes
2023-10-16,North,Laptops,Ultrabook X,14,590.68,8269.52,5137.94,57,2,Yes
2023-02-23,West,Home Appliances,Blender Z,18,417.47,7514.46,4736.31,51,5,Yes
2023-12-19,West,Accessories,Keyboard Combo,3,1478.25,4434.75,2881.73,71,8,Yes
2023-03-18,South,Mobile Devices,Smartphone B,12,431.99,5183.88,4351.8,63,8,Yes
2023-08-16,East,Laptops,Ultrabook X,10,399.57,3995.7,2823.35,12,4,Yes
2023-01-22,East,Accessories,Wireless Mouse,5,271.77,1358.85,1181.48,81,6,Yes
2023-11-18,North,Mobile Devices,Smartphone A,2,1247.39,2494.78,2025.77,45,5,Yes
2023-12-06,North,Accessories,Charger Pro,6,1175.22,7051.32,4873.08,23,3,Yes
2023-11-11,East,Accessories,Charger Pro,12,424.99,5099.88,3806.3,16,1,No
2023-07-24,North,Home Appliances,Blender Z,10,1237.12,12371.2,7634.19,55,2,No
2023-09-12,East,Accessories,Wireless Mouse,9,302.27,2720.43,1915.51,17,3,No
2023-05-03,East,Laptops,Ultrabook X,12,1170.03,14040.36,12055.91,14,7,Yes
2023-11-15,West,Home Appliances,Air Conditioner Q,7,852.58,5968.06,4950.79,39,4,No
2023-03-05,East,Laptops,Ultrabook X,18,716.88,12903.84,10281.99,75,6,No
2023-02-05,East,Accessories,Keyboard Combo,19,993.96,18885.24,11994.08,47,2,Yes
2023-10-28,East,Accessories,Charger Pro,16,505.78,8092.48,5957.66,88,8,Yes
2023-12-25,North,Accessories,Keyboard Combo,13,1337.03,17381.39,14693.48,5,3,No
2023-01-28,South,Laptops,Ultrabook X,13,877.39,11406.07,8519.05,94,6,Yes
2023-09-15,South,Home Appliances,Blender Z,4,1455.95,5823.8,5123.18,76,6,No
2023-07-07,East,Laptops,Notebook Lite,6,1284.96,7709.76,5008.19,66,3,No
2023-09-07,West,Mobile Devices,Smartphone B,13,621.7,8082.1,7039.16,95,6,Yes
2023-02-18,West,Laptops,Notebook Lite,8,846.97,6775.76,4819.94,5,3,Yes
2023-02-06,North,Laptops,Ultrabook X,10,563.74,5637.4,3529.61,48,5,Yes
2023-03-11,South,Laptops,Gaming Beast,9,393.92,3545.28,2680.31,83,7,Yes
2023-02-12,West,Accessories,Keyboard Combo,4,20.97,83.88,72.24,48,4,Yes
2023-07-21,West,Mobile Devices,Smartphone C,13,363.44,4724.72,3210.97,0,1,No
2023-09-10,North,Home Appliances,Air Conditioner Q,8,1382.69,11061.52,6769.85,45,8,No
2023-10-09,East,Laptops,Ultrabook X,8,1388.29,11106.32,9282.04,12,7,Yes
2023-01-10,North,Accessories,Keyboard Combo,5,710.12,3550.6,2940.51,15,7,No
2023-12-04,North,Laptops,Gaming Beast,2,1145.43,2290.86,1727.03,29,7,Yes
2023-07-24,East,Accessories,Keyboard Combo,13,1158.78,15064.14,10836.54,93,2,Yes
2023-03-03,East,Accessories,Charger Pro,13,1018.11,13235.43,10970.42,54,1,Yes
2023-09-28,South,Laptops,Gaming Beast,8,355.58,2844.64,2278.58,51,5,No
2023-07-30,East,Accessories,Charger Pro,1,1282.41,1282.41,1126.62,0,3,Yes
2023-08-26,North,Home Appliances,Blender Z,11,684.58,7530.38,5054.72,14,1,Yes
2023-11-10,West,Mobile Devices,Smartphone C,13,185.16,2407.08,1883.53,71,1,Yes
2023-10-10,North,Laptops,Gaming Beast,11,1206.14,13267.54,9521.16,10,7,No
2023-11-14,South,Mobile Devices,Smartphone C,11,984.24,10826.64,7180.6,92,5,Yes
2023-12-08,East,Accessories,Wireless Mouse,8,1395.13,11161.04,7993.5,49,6,No
2023-03-02,East,Mobile Devices,Smartphone B,5,1129.15,5645.75,4117.64,71,9,Yes
2023-09-27,East,Mobile Devices,Smartphone B,17,366.95,6238.15,4388.7,48,5,No
2023-09-01,North,Mobile Devices,Smartphone C,19,454.79,8641.01,5292.18,27,1,No
2023-05-21,North,Laptops,Notebook Lite,6,1024.18,6145.08,4272.46,65,6,Yes
2023-07-03,East,Accessories,Charger Pro,5,1329.59,6647.95,5462.75,89,1,Yes
2023-08-08,East,Accessories,Keyboard Combo,11,522.86,5751.46,4237.02,57,1,Yes
2023-08-11,East,Mobile Devices,Smartphone B,9,533.39,4800.51,3507.7,82,3,Yes
2023-07-08,North,Accessories,Wireless Mouse,14,136.83,1915.62,1403.84,0,2,No
2023-10-10,East,Home Appliances,Air Conditioner Q,16,1255.17,20082.72,17685.75,71,8,Yes
2023-02-26,South,Mobile Devices,Smartphone C,16,690.16,11042.56,7283.09,26,9,Yes
2023-05-09,West,Accessories,Keyboard Combo,15,260.93,3913.95,3047.26,87,7,Yes
2023-03-18,East,Laptops,Gaming Beast,14,684.19,9578.66,8371.46,66,8,No
2023-12-25,East,Accessories,Keyboard Combo,10,1359.05,13590.5,10794.32,9,3,No
2023-07-27,South,Laptops,Ultrabook X,3,455.51,1366.53,866.98,26,1,Yes
2023-08-07,North,Accessories,Keyboard Combo,15,704.34,10565.1,9080.58,43,2,No
2023-04-17,East,Mobile Devices,Smartphone C,18,1345.43,24217.74,21136.1,86,7,Yes
2023-03-09,North,Mobile Devices,Smartphone B,16,422.02,6752.32,4437.51,29,3,Yes
2023-03-04,North,Laptops,Gaming Beast,17,1237.29,21033.93,13714.18,96,4,No
2023-02-15,West,Accessories,Keyboard Combo,6,1029.59,6177.54,5466.94,51,9,Yes
2023-08-26,North,Home Appliances,Air Conditioner Q,5,545.59,2727.95,1673.8,46,7,No
2023-10-12,East,Accessories,Wireless Mouse,4,880.5,3522.0,2225.04,98,6,No
2023-02-03,North,Accessories,Wireless Mouse,8,992.41,7939.28,6903.33,9,9,No
2023-12-16,South,Laptops,Gaming Beast,17,142.45,2421.65,1637.47,63,5,No
2023-03-18,West,Mobile Devices,Smartphone A,13,131.98,1715.74,1215.54,58,6,No
2023-09-09,West,Home Appliances,Microwave X,5,119.51,597.55,465.17,64,8,Yes
2023-01-05,South,Mobile Devices,Smartphone B,19,994.9,18903.1,14360.45,75,7,No
2023-05-15,South,Accessories,Charger Pro,13,860.6,11187.8,7707.36,60,6,No
2023-01-19,North,Laptops,Notebook Lite,9,67.03,603.27,503.5,55,2,No
2023-12-26,West,Accessories,Charger Pro,12,794.91,9538.92,6347.94,0,1,Yes
2023-08-10,East,Laptops,Ultrabook X,10,551.63,5516.3,4672.67,80,6,No
2023-08-18,North,Mobile Devices,Smartphone B,6,1345.91,8075.46,6768.68,61,1,No
2023-07-22,South,Mobile Devices,Smartphone C,17,844.82,14361.94,9289.46,37,1,No
2023-07-05,North,Mobile Devices,Smartphone A,16,733.56,11736.96,10003.09,13,8,No
2023-08-11,North,Accessories,Wireless Mouse,15,1238.96,18584.4,13294.97,30,5,Yes
2023-07-18,South,Home Appliances,Blender Z,3,44.8,134.4,108.03,57,1,Yes
2023-08-09,East,Laptops,Gaming Beast,2,68.34,136.68,101.51,19,6,Yes
2023-10-10,North,Laptops,Notebook Lite,6,988.16,5928.96,4658.81,3,1,Yes
2023-05-16,North,Home Appliances,Microwave X,14,1270.4,17785.6,11866.46,43,7,No
2023-10-12,North,Laptops,Notebook Lite,15,926.94,13904.1,12257.08,34,1,No
2023-10-23,West,Accessories,Wireless Mouse,3,544.91,1634.73,1250.89,31,8,No
2023-04-14,West,Laptops,Ultrabook X,17,1350.91,22965.47,20408.92,98,4,No
2023-02-20,North,Accessories,Wireless Mouse,13,806.86,10489.18,7985.78,36,4,Yes
2023-05-06,West,Laptops,Ultrabook X,8,252.08,2016.64,1710.5,61,4,Yes
2023-06-29,North,Home Appliances,Blender Z,13,345.73,4494.49,3395.51,65,3,No
2023-10-02,East,Laptops,Gaming Beast,8,763.59,6108.72,5005.77,72,7,Yes
2023-04-25,South,Mobile Devices,Smartphone A,13,1258.02,16354.26,10058.92,56,3,Yes
2023-01-25,South,Mobile Devices,Smartphone A,10,485.94,4859.4,2978.4,92,7,No
2023-01-17,West,Accessories,Wireless Mouse,2,1240.22,2480.44,1597.23,68,6,No
2023-04-01,West,Laptops,Gaming Beast,14,179.27,2509.78,2084.22,5,2,Yes
2023-10-09,South,Laptops,Notebook Lite,15,736.35,11045.25,8330.64,73,4,Yes
2023-06-18,East,Home Appliances,Air Conditioner Q,6,501.31,3007.86,1840.15,66,1,No
2023-12-25,South,Laptops,Gaming Beast,4,500.03,2000.12,1340.42,82,5,No
2023-02-03,South,Mobile Devices,Smartphone C,6,672.05,4032.3,2579.55,21,7,Yes
2023-02-16,West,Laptops,Gaming Beast,11,692.52,7617.72,6353.61,8,7,Yes
2023-04-05,South,Laptops,Ultrabook X,14,1038.31,14536.34,9246.8,72,7,No
2023-08-03,South,Mobile Devices,Smartphone A,10,941.68,9416.8,6279.15,46,4,Yes
2023-04-25,East,Laptops,Ultrabook X,2,272.99,545.98,396.08,24,9,Yes
2023-06-07,West,Home Appliances,Air Conditioner Q,14,601.79,8425.06,5308.41,40,9,Yes
2023-07-15,North,Laptops,Gaming Beast,14,256.24,3587.36,2513.62,9,3,Yes
2023-04-11,East,Home Appliances,Microwave X,11,55.09,605.99,515.38,44,7,No
2023-02-14,West,Laptops,Notebook Lite,17,362.58,6163.86,5304.14,75,9,Yes
2023-09-20,South,Laptops,Gaming Beast,10,1391.84,13918.4,9243.34,15,1,Yes
2023-05-07,East,Accessories,Charger Pro,19,601.48,11428.12,6955.11,89,6,Yes
2023-05-25,West,Mobile Devices,Smartphone B,12,484.29,5811.48,3919.04,41,4,No
2023-06-23,South,Home Appliances,Microwave X,7,29.26,204.82,126.69,26,8,Yes
2023-09-19,South,Mobile Devices,Smartphone C,7,215.31,1507.17,1136.34,62,8,Yes
2023-03-12,South,Home Appliances,Air Conditioner Q,12,627.53,7530.36,4887.21,62,1,Yes
2023-08-18,East,Laptops,Gaming Beast,4,1229.61,4918.44,4323.9,79,4,Yes
2023-12-11,East,Home Appliances,Microwave X,15,1308.62,19629.3,12269.44,15,7,Yes
2023-06-18,North,Laptops,Ultrabook X,13,1308.54,17011.02,14080.46,28,3,No
2023-12-10,North,Laptops,Gaming Beast,15,603.97,9059.55,6876.04,18,5,Yes
2023-11-30,South,Laptops,Gaming Beast,5,1145.04,5725.2,3699.45,19,9,No
2023-02-09,South,Home Appliances,Air Conditioner Q,6,532.91,3197.46,2309.57,95,2,No
2023-07-12,North,Laptops,Gaming Beast,5,1244.49,6222.45,4825.21,18,7,Yes
2023-04-26,North,Laptops,Ultrabook X,2,306.28,612.56,485.42,92,4,Yes
2023-09-03,East,Laptops,Gaming Beast,15,459.99,6899.85,4615.99,18,6,No
2023-07-25,East,Home Appliances,Blender Z,6,1315.17,7891.02,6606.02,19,9,No
2023-08-31,East,Accessories,Wireless Mouse,4,176.28,705.12,432.65,86,5,Yes
2023-05-24,South,Accessories,Wireless Mouse,4,420.55,1682.2,1050.31,41,9,No
2023-03-24,East,Accessories,Keyboard Combo,10,766.84,7668.4,4870.85,93,3,No
2023-09-30,East,Accessories,Charger Pro,19,1478.06,28083.14,23320.29,58,4,No
2023-08-22,North,Mobile Devices,Smartphone C,10,652.68,6526.8,4562.79,16,7,Yes
2023-03-22,West,Home Appliances,Air Conditioner Q,11,432.83,4761.13,3041.18,84,4,No
2023-04-05,North,Laptops,Ultrabook X,7,43.98,307.86,260.3,94,1,No
2023-06-17,East,Laptops,Gaming Beast,1,748.5,748.5,492.89,46,5,No
2023-03-28,East,Laptops,Gaming Beast,10,1191.37,11913.7,9301.51,3,3,Yes
2023-02-17,West,Mobile Devices,Smartphone C,11,1469.14,16160.54,12963.2,66,3,Yes
2023-12-26,North,Home Appliances,Microwave X,10,1336.57,13365.7,11804.3,48,2,No
2023-01-10,South,Home Appliances,Microwave X,6,232.23,1393.38,843.71,9,8,No
2023-07-11,North,Accessories,Charger Pro,1,945.49,945.49,779.2,41,5,Yes
2023-04-07,North,Home Appliances,Blender Z,16,334.25,5348.0,3404.55,26,9,No
2023-05-31,South,Home Appliances,Microwave X,16,525.15,8402.4,6247.68,65,8,Yes
2023-09-08,East,Home Appliances,Blender Z,9,708.7,6378.3,3853.16,95,9,Yes
2023-09-29,North,Home Appliances,Air Conditioner Q,2,1266.18,2532.36,1886.14,65,1,No
2023-07-15,South,Laptops,Gaming Beast,19,831.25,15793.75,10303.75,26,2,No
2023-08-12,East,Accessories,Keyboard Combo,14,608.87,8524.18,7175.6,27,4,No
2023-11-06,East,Mobile Devices,Smartphone A,7,760.41,5322.87,3304.53,77,5,No
2023-08-29,West,Mobile Devices,Smartphone B,18,208.68,3756.24,3155.47,57,6,No
2023-04-13,North,Mobile Devices,Smartphone C,6,1077.78,6466.68,4449.11,77,4,Yes
2023-12-18,South,Laptops,Ultrabook X,1,1259.55,1259.55,987.92,37,3,Yes
2023-05-12,South,Accessories,Keyboard Combo,13,422.49,5492.37,3654.44,67,5,Yes
2023-06-04,East,Mobile Devices,Smartphone A,8,209.11,1672.88,1225.74,77,6,Yes
2023-06-15,South,Mobile Devices,Smartphone C,12,498.83,5985.96,4785.88,13,7,No
2023-12-03,North,Home Appliances,Blender Z,14,219.17,3068.38,1927.94,40,6,No
2023-01-30,South,Accessories,Charger Pro,15,758.48,11377.2,7912.6,26,4,No
2023-09-27,East,Accessories,Charger Pro,8,446.61,3572.88,2463.98,42,1,Yes
2023-12-20,West,Home Appliances,Blender Z,3,547.76,1643.28,1111.42,53,7,Yes
2023-10-28,South,Accessories,Wireless Mouse,8,1343.72,10749.76,9105.93,4,9,No
2023-04-20,West,Accessories,Charger Pro,6,1222.14,7332.84,5244.54,65,5,No
2023-02-10,North,Accessories,Wireless Mouse,8,160.55,1284.4,891.98,86,7,No
2023-12-27,West,Accessories,Charger Pro,15,1465.66,21984.9,15860.29,53,3,Yes
2023-11-23,North,Accessories,Charger Pro,14,706.45,9890.3,6883.73,52,1,No
2023-02-15,North,Laptops,Notebook Lite,17,743.77,12644.09,10846.95,7,3,Yes
2023-09-01,South,Mobile Devices,Smartphone B,1,955.95,955.95,610.37,90,4,Yes
2023-12-21,North,Laptops,Ultrabook X,13,399.98,5199.74,4374.17,18,6,Yes
2023-03-26,West,Accessories,Charger Pro,13,1174.91,15273.83,12251.3,56,6,Yes
2023-03-14,West,Home Appliances,Blender Z,15,933.32,13999.8,11969.66,82,8,No
2023-11-21,South,Laptops,Gaming Beast,8,1445.95,11567.6,7315.5,25,7,Yes
2023-12-03,West,Home Appliances,Blender Z,11,431.21,4743.31,3943.84,55,3,Yes
2023-03-08,East,Accessories,Charger Pro,16,176.12,2817.92,2185.79,94,7,No
2023-09-04,West,Mobile Devices,Smartphone C,14,91.18,1276.52,879.14,10,6,No
2023-12-20,West,Home Appliances,Blender Z,2,757.23,1514.46,1221.86,45,4,No
2023-05-17,East,Home Appliances,Microwave X,6,986.37,5918.22,3824.21,98,8,No
2023-07-29,North,Laptops,Notebook Lite,8,883.03,7064.24,5786.08,6,7,Yes
2023-06-06,North,Laptops,Gaming Beast,4,301.11,1204.44,976.22,11,3,Yes
2023-07-31,South,Home Appliances,Blender Z,5,50.98,254.9,177.09,12,9,No
2023-07-19,East,Laptops,Notebook Lite,4,605.99,2423.96,2004.31,10,6,Yes
2023-10-02,North,Home Appliances,Microwave X,9,391.3,3521.7,2240.27,27,9,Yes
2023-04-04,North,Home Appliances,Microwave X,19,133.55,2537.45,1648.87,34,1,No
2023-05-21,North,Accessories,Keyboard Combo,3,688.57,2065.71,1459.26,92,8,Yes
2023-06-30,East,Home Appliances,Microwave X,19,20.28,385.32,302.17,52,6,No
2023-08-11,North,Laptops,Gaming Beast,6,693.97,4163.82,3016.64,6,6,Yes
2023-03-04,West,Laptops,Notebook Lite,17,1432.76,24356.92,15720.68,9,9,No
2023-08-14,North,Laptops,Gaming Beast,7,797.38,5581.66,3535.21,90,4,Yes
2023-02-25,East,Mobile Devices,Smartphone B,1,207.7,207.7,149.03,33,4,Yes
2023-09-07,West,Laptops,Ultrabook X,17,937.55,15938.35,12901.45,3,1,No
2023-11-28,West,Accessories,Charger Pro,7,900.94,6306.58,5433.58,34,8,Yes
2023-12-23,West,Mobile Devices,Smartphone B,19,457.29,8688.51,6594.5,42,9,Yes
2023-02-23,West,Mobile Devices,Smartphone B,18,274.69,4944.42,4270.15,98,4,Yes
2023-09-13,West,Accessories,Wireless Mouse,5,139.31,696.55,614.27,89,7,Yes
2023-09-30,East,Home Appliances,Microwave X,9,1246.09,11214.81,6998.67,74,2,No
2023-09-23,North,Accessories,Charger Pro,12,1375.37,16504.44,11684.12,89,5,Yes
2023-01-01,West,Home Appliances,Blender Z,7,1024.17,7169.19,4996.42,89,7,No
2023-11-15,East,Laptops,Gaming Beast,13,603.32,7843.16,6125.51,23,6,Yes
2023-04-09,North,Mobile Devices,Smartphone B,19,784.1,14897.9,11533.86,29,9,No
2023-08-25,South,Laptops,Gaming Beast,10,732.29,7322.9,6172.49,93,7,No
2023-03-25,North,Laptops,Ultrabook X,9,1313.33,11819.97,7137.75,28,1,Yes
2023-04-28,West,Laptops,Notebook Lite,11,215.63,2371.93,1736.15,51,7,Yes
2023-07-11,East,Mobile Devices,Smartphone B,12,100.76,1209.12,942.92,42,2,No
2023-10-04,East,Mobile Devices,Smartphone B,12,1133.15,13597.8,11852.68,58,4,No
2023-02-13,North,Laptops,Notebook Lite,18,411.42,7405.56,5562.05,87,6,Yes
2023-09-25,North,Mobile Devices,Smartphone B,2,1242.38,2484.76,1961.56,24,7,No
2023-06-16,East,Home Appliances,Blender Z,16,1302.11,20833.76,13529.2,95,3,Yes
2023-08-28,North,Mobile Devices,Smartphone A,17,865.98,14721.66,9649.33,31,5,Yes
2023-05-18,North,Accessories,Charger Pro,5,1150.26,5751.3,4353.85,73,7,No
2023-03-31,East,Laptops,Gaming Beast,15,945.49,14182.35,8561.92,2,3,Yes
2023-06-14,North,Laptops,Notebook Lite,10,319.4,3194.0,2286.94,5,6,Yes
